START TRANSACTION;
INSERT INTO dbversion VALUES (4000000, 4000000);
INSERT INTO users VALUES (1, 'Admin', 'Zabbix', 'Administrator', '5fce1b3e34b520afeffb37ce08c7cd66', '', 1, '0', 'en_GB', '30s', 3, 'default', 0, '', 0, 50);
INSERT INTO users VALUES (2, 'guest', '', '', 'd41d8cd98f00b204e9800998ecf8427e', '', 0, '0', 'en_GB', '30s', 1, 'default', 0, '', 0, 50);
INSERT INTO users VALUES (3, 'local_evanios_acc', 'Event Management API', 'local_evanios_acc', '20fe928c1f80e5cd9f95bcfbeee6f023', '', 0, '0', 'en_GB', '30s', 1, 'default', 0, '', 0, 50);
INSERT INTO users VALUES (4, 'srv_acc_zabbix_api', 'RW API', 'srv_acc_zabbix_api', '74be079be0230669c30d64c990845697', '', 0, '0', 'en_GB', '30s', 3, 'default', 0, '', 0, 50);
INSERT INTO maintenances VALUES (1, 'MAINT_FULL', 1, 'Full maintenance mode: No data collection nor action execution', 1538352000, 2145916800, 0);
INSERT INTO maintenances VALUES (2, 'MAINT_PARTIAL', 0, 'Partial maintenance mode: With data collection but no action execution', 1538352000, 2145916800, 0);
INSERT INTO hosts VALUES (10085, NULL, 'dummy', 0, 0, '', 0, 0, 0, -1, 2, '', '', 0, 0, 0, 0, 1, 1, 1, 1538352000, 0, 0, '', '', 0, 0, 0, '', 'dummy', 0, NULL, 'Dummy host used for maintenance', 1, 1, '', '', '', '', '', 1);
INSERT INTO hosts VALUES (10086, NULL, 'App Zabbix Agent Active', 3, 0, '', 0, 0, 0, -1, 2, '', '', 0, 0, 0, 0, NULL, 0, 0, 0, 0, 0, '', '', 0, 0, 0, '', 'App Zabbix Agent Active', 0, NULL, '', 1, 1, '', '', '', '', '', 1);
INSERT INTO hosts VALUES (10087, NULL, 'App Zabbix Agent Passive', 3, 0, '', 0, 0, 0, -1, 2, '', '', 0, 0, 0, 0, NULL, 0, 0, 0, 0, 0, '', '', 0, 0, 0, '', 'App Zabbix Agent Passive', 0, NULL, '', 1, 1, '', '', '', '', '', 1);
INSERT INTO hosts VALUES (10088, NULL, 'App Zabbix Proxy', 3, 0, '', 0, 0, 0, -1, 2, '', '', 0, 0, 0, 0, NULL, 0, 0, 0, 0, 0, '', '', 0, 0, 0, '', 'App Zabbix Proxy', 0, NULL, '', 1, 1, '', '', '', '', '', 1);
INSERT INTO hosts VALUES (10089, NULL, 'App Zabbix Server', 3, 0, '', 0, 0, 0, -1, 2, '', '', 0, 0, 0, 0, NULL, 0, 0, 0, 0, 0, '', '', 0, 0, 0, '', 'App Zabbix Server', 0, NULL, '', 1, 1, '', '', '', '', '', 1);
INSERT INTO hosts VALUES (10090, NULL, 'Module ICMP Ping', 3, 0, '', 0, 0, 0, -1, 2, '', '', 0, 0, 0, 0, NULL, 0, 0, 0, 0, 0, '', '', 0, 0, 0, '', 'Module ICMP Ping', 0, NULL, 'Template Module ICMP Ping version: 0.15', 1, 1, '', '', '', '', '', 1);
INSERT INTO hosts VALUES (10084, NULL, 'Zabbix server', 1, 0, '', 0, 0, 0, -1, 2, '', '', 0, 0, 0, 0, NULL, 0, 0, 0, 0, 0, '', '', 0, 0, 0, '', 'Zabbix server', 0, NULL, '', 1, 1, '', '', '', '', '', 1);
INSERT INTO hstgrp VALUES (1, 'Templates', 0, 0);
INSERT INTO hstgrp VALUES (2, 'Linux servers', 0, 0);
INSERT INTO hstgrp VALUES (4, 'Zabbix servers', 0, 0);
INSERT INTO hstgrp VALUES (5, 'Discovered hosts', 1, 0);
INSERT INTO hstgrp VALUES (6, 'Virtual machines', 0, 0);
INSERT INTO hstgrp VALUES (7, 'Hypervisors', 0, 0);
INSERT INTO hstgrp VALUES (8, 'Templates/Modules', 0, 0);
INSERT INTO hstgrp VALUES (9, 'Templates/Network devices', 0, 0);
INSERT INTO hstgrp VALUES (10, 'Templates/Operating systems', 0, 0);
INSERT INTO hstgrp VALUES (11, 'Templates/Server hardware', 0, 0);
INSERT INTO hstgrp VALUES (12, 'Templates/Applications', 0, 0);
INSERT INTO hstgrp VALUES (13, 'Templates/Databases', 0, 0);
INSERT INTO hstgrp VALUES (14, 'Templates/Virtualization', 0, 0);
INSERT INTO hstgrp VALUES (15, 'MAINT_FULL', 0, 0);
INSERT INTO hstgrp VALUES (16, 'MAINT_PARTIAL', 0, 0);
INSERT INTO hstgrp VALUES (17, 'Zabbix proxies', 0, 0);
INSERT INTO hstgrp VALUES (18, 'Zabbix database', 0, 0);
INSERT INTO hstgrp VALUES (19, 'Windows servers', 0, 0);
INSERT INTO hstgrp VALUES (20, 'Templates/GNS', 0, 0);
INSERT INTO screens VALUES (16, 'Zabbix server', 2, 2, NULL, 1, 0);
INSERT INTO screens VALUES (17, 'Zabbix proxy health', 2, 2, 10088, NULL, 1);
INSERT INTO screens VALUES (18, 'Zabbix server health', 2, 3, 10089, NULL, 1);
INSERT INTO screens_items VALUES (44, 16, 2, 1, 500, 100, 0, 0, 2, 1, 0, 0, 0, 0, '', 0, 0, '', 3);
INSERT INTO screens_items VALUES (45, 17, 0, 9, 500, 212, 0, 0, 1, 1, 0, 1, 0, 0, '', 0, 0, '', 3);
INSERT INTO screens_items VALUES (46, 17, 0, 5, 500, 100, 1, 0, 1, 1, 0, 1, 0, 0, '', 0, 0, '', 3);
INSERT INTO screens_items VALUES (47, 17, 0, 7, 500, 100, 0, 1, 1, 1, 0, 1, 0, 0, '', 0, 0, '', 3);
INSERT INTO screens_items VALUES (48, 17, 0, 3, 500, 128, 1, 1, 1, 1, 0, 1, 0, 0, '', 0, 0, '', 3);
INSERT INTO screens_items VALUES (49, 18, 0, 10, 500, 212, 0, 0, 1, 1, 0, 1, 0, 0, '', 0, 0, '', 3);
INSERT INTO screens_items VALUES (50, 18, 0, 4, 500, 100, 1, 0, 1, 1, 0, 1, 0, 0, '', 0, 0, '', 3);
INSERT INTO screens_items VALUES (51, 18, 0, 6, 555, 114, 0, 1, 1, 1, 0, 1, 0, 0, '', 0, 0, '', 3);
INSERT INTO screens_items VALUES (52, 18, 0, 2, 500, 128, 1, 1, 1, 1, 0, 1, 0, 0, '', 0, 0, '', 3);
INSERT INTO screens_items VALUES (53, 18, 0, 1, 500, 160, 0, 2, 1, 1, 0, 0, 0, 0, '', 0, 0, '', 3);
INSERT INTO screens_items VALUES (54, 18, 0, 8, 500, 160, 1, 2, 1, 1, 0, 0, 0, 0, '', 0, 0, '', 3);
INSERT INTO applications VALUES (1, 10086, 'Zabbix agent', 0);
INSERT INTO applications VALUES (2, 10087, 'Zabbix agent', 0);
INSERT INTO applications VALUES (3, 10088, 'Zabbix proxy', 0);
INSERT INTO applications VALUES (4, 10089, 'Zabbix server', 0);
INSERT INTO applications VALUES (5, 10090, 'Status', 0);
INSERT INTO applications VALUES (6, 10084, 'Zabbix agent', 0);
INSERT INTO applications VALUES (7, 10084, 'Zabbix server', 0);
INSERT INTO interface VALUES (1, 10084, 1, 1, 0, '127.0.0.1', 'zabbix-agt', '10050', 1);
INSERT INTO interface VALUES (2, 10085, 1, 1, 1, '127.0.0.1', '', '10050', 1);
INSERT INTO valuemaps VALUES (1, 'Service state');
INSERT INTO valuemaps VALUES (2, 'Host availability');
INSERT INTO valuemaps VALUES (3, 'Windows service state');
INSERT INTO valuemaps VALUES (8, 'SNMP interface status (ifOperStatus)');
INSERT INTO valuemaps VALUES (10, 'Zabbix agent ping status');
INSERT INTO valuemaps VALUES (11, 'SNMP interface status (ifAdminStatus)');
INSERT INTO valuemaps VALUES (12, 'VMware VirtualMachinePowerState');
INSERT INTO valuemaps VALUES (13, 'VMware status');
INSERT INTO valuemaps VALUES (14, 'Maintenance status');
INSERT INTO valuemaps VALUES (15, 'Value cache operating mode');
INSERT INTO valuemaps VALUES (16, 'Windows service startup type');
INSERT INTO valuemaps VALUES (17, 'HTTP response status code');
INSERT INTO valuemaps VALUES (22, 'zabbix.host.available');
INSERT INTO valuemaps VALUES (35, 'TruthValue');
INSERT INTO items VALUES (1, 7, '', '', 10086, 'Version of zabbix_agent(d) running', 'agent.version', '1h', '1w', '0', 0, 1, '', '', '', 0, '', '', '', '', 0, '', NULL, NULL, '', '', 0, '', '', '', '', 0, 0, NULL, '', '', 0, '30d', 0, 0, 0, '', 0, '', NULL, '3s', '', '', '', '200', 1, 0, '', '', 0, 0, 0, '', '', '', 0, 0, 0);
INSERT INTO items VALUES (2, 7, '', '', 10086, 'Agent ping', 'agent.ping', '2m', '15d', '365d', 0, 3, '', '', '', 0, '', '', '', '', 0, '', NULL, 10, '', '', 0, '', '', '', '', 0, 0, NULL, '', 'The agent always returns 1 for this item. It could be used in combination with nodata() for availability check.', 0, '30d', 0, 0, 0, '', 0, '', NULL, '3s', '', '', '', '200', 1, 0, '', '', 0, 0, 0, '', '', '', 0, 0, 0);
INSERT INTO items VALUES (3, 7, '', '', 10086, 'Host name of zabbix_agentd running', 'agent.hostname', '1h', '1w', '0', 0, 1, '', '', '', 0, '', '', '', '', 0, '', NULL, NULL, '', '', 0, '', '', '', '', 0, 0, NULL, '', '', 0, '30d', 0, 0, 0, '', 0, '', NULL, '3s', '', '', '', '200', 1, 0, '', '', 0, 0, 0, '', '', '', 0, 0, 0);
INSERT INTO items VALUES (4, 0, '', '', 10087, 'Version of zabbix_agent(d) running', 'agent.version', '1h', '1w', '0', 0, 1, '', '', '', 0, '', '', '', '', 0, '', NULL, NULL, '', '', 0, '', '', '', '', 0, 0, NULL, '', '', 0, '30d', 0, 0, 0, '', 0, '', NULL, '3s', '', '', '', '200', 1, 0, '', '', 0, 0, 0, '', '', '', 0, 0, 0);
INSERT INTO items VALUES (5, 0, '', '', 10087, 'Agent ping', 'agent.ping', '2m', '15d', '365d', 0, 3, '', '', '', 0, '', '', '', '', 0, '', NULL, 10, '', '', 0, '', '', '', '', 0, 0, NULL, '', 'The agent always returns 1 for this item. It could be used in combination with nodata() for availability check.', 0, '30d', 0, 0, 0, '', 0, '', NULL, '3s', '', '', '', '200', 1, 0, '', '', 0, 0, 0, '', '', '', 0, 0, 0);
INSERT INTO items VALUES (6, 0, '', '', 10087, 'Host name of zabbix_agentd running', 'agent.hostname', '1h', '1w', '0', 0, 1, '', '', '', 0, '', '', '', '', 0, '', NULL, NULL, '', '', 0, '', '', '', '', 0, 0, NULL, '', '', 0, '30d', 0, 0, 0, '', 0, '', NULL, '3s', '', '', '', '200', 1, 0, '', '', 0, 0, 0, '', '', '', 0, 0, 0);
INSERT INTO items VALUES (7, 5, '', '', 10088, 'Number Required performance of Zabbix proxy values per second', 'zabbix[requiredperformance]', '1m', '1w', '365d', 0, 0, '', '', '', 0, '', '', '', '', 0, '', NULL, NULL, '', '', 0, '', '', '', '', 0, 0, NULL, '', '', 0, '30d', 0, 0, 0, '', 0, '', NULL, '3s', '', '', '', '200', 1, 0, '', '', 0, 0, 0, '', '', '', 0, 0, 0);
INSERT INTO items VALUES (8, 5, '', '', 10088, 'Zabbix vmware cache, % used', 'zabbix[vmware,buffer,pused]', '1m', '1w', '365d', 1, 0, '', '', '', 0, '', '', '', '', 0, '', NULL, NULL, '', '', 0, '', '', '', '', 0, 0, NULL, '', '', 0, '30d', 0, 0, 0, '', 0, '', NULL, '3s', '', '', '', '200', 1, 0, '', '', 0, 1, 0, '', '', '', 0, 0, 0);
INSERT INTO items VALUES (9, 5, '', '', 10088, 'Zabbix history write cache, % used', 'zabbix[wcache,history,pused]', '1m', '1w', '365d', 0, 0, '', '%', '', 0, '', '', '', '', 0, '', NULL, NULL, '', '', 0, '', '', '', '', 0, 0, NULL, '', '', 0, '30d', 0, 0, 0, '', 0, '', NULL, '3s', '', '', '', '200', 1, 0, '', '', 0, 1, 0, '', '', '', 0, 0, 0);
INSERT INTO items VALUES (10, 5, '', '', 10088, 'Zabbix configuration cache, % used', 'zabbix[rcache,buffer,pused]', '1m', '1w', '365d', 0, 0, '', '%', '', 0, '', '', '', '', 0, '', NULL, NULL, '', '', 0, '', '', '', '', 0, 0, NULL, '', '', 0, '30d', 0, 0, 0, '', 0, '', NULL, '3s', '', '', '', '200', 1, 0, '', '', 0, 1, 0, '', '', '', 0, 0, 0);
INSERT INTO items VALUES (11, 5, '', '', 10088, 'Zabbix queue', 'zabbix[queue]', '1m', '1w', '365d', 0, 3, '', '', '', 0, '', '', '', '', 0, '', NULL, NULL, '', '', 0, '', '', '', '', 0, 0, NULL, '', '', 0, '30d', 0, 0, 0, '', 0, '', NULL, '3s', '', '', '', '200', 1, 0, '', '', 0, 1, 0, '', '', '', 0, 0, 0);
INSERT INTO items VALUES (12, 5, '', '', 10088, 'Utilization of vmware data collector processes, in %', 'zabbix[process,vmware collector,avg,busy]', '1m', '1w', '365d', 1, 0, '', '', '', 0, '', '', '', '', 0, '', NULL, NULL, '', '', 0, '', '', '', '', 0, 0, NULL, '', '', 0, '30d', 0, 0, 0, '', 0, '', NULL, '3s', '', '', '', '200', 1, 0, '', '', 0, 1, 0, '', '', '', 0, 0, 0);
INSERT INTO items VALUES (13, 5, '', '', 10088, 'Zabbix queue over 10 minutes', 'zabbix[queue,10m]', '10m', '1w', '365d', 0, 3, '', '', '', 0, '', '', '', '', 0, '', NULL, NULL, '', '', 0, '', '', '', '', 0, 0, NULL, '', '', 0, '30d', 0, 0, 0, '', 0, '', NULL, '3s', '', '', '', '200', 1, 0, '', '', 0, 1, 0, '', '', '', 0, 0, 0);
INSERT INTO items VALUES (14, 5, '', '', 10088, 'Zabbix history index cache, % used', 'zabbix[wcache,index,pused]', '1m', '1w', '365d', 0, 0, '', '%', '', 0, '', '', '', '', 0, '', NULL, NULL, '', '', 0, '', '', '', '', 0, 0, NULL, '', '', 0, '30d', 0, 0, 0, '', 0, '', NULL, '3s', '', '', '', '200', 1, 0, '', '', 0, 1, 0, '', '', '', 0, 0, 0);
INSERT INTO items VALUES (15, 5, '', '', 10088, 'Number of processed numeric (float) values per second', 'zabbix[wcache,values,float]', '1m', '1w', '365d', 0, 0, '', '', '', 0, '', '', '', '', 0, '', NULL, NULL, '', '', 0, '', '', '', '', 0, 0, NULL, '', '', 0, '30d', 0, 0, 0, '', 0, '', NULL, '3s', '', '', '', '200', 1, 0, '', '', 0, 1, 0, '', '', '', 0, 0, 0);
INSERT INTO items VALUES (16, 5, '', '', 10088, 'Number of processed numeric (unsigned) values per second', 'zabbix[wcache,values,uint]', '1m', '1w', '365d', 0, 0, '', '', '', 0, '', '', '', '', 0, '', NULL, NULL, '', '', 0, '', '', '', '', 0, 0, NULL, '', '', 0, '30d', 0, 0, 0, '', 0, '', NULL, '3s', '', '', '', '200', 1, 0, '', '', 0, 1, 0, '', '', '', 0, 0, 0);
INSERT INTO items VALUES (17, 5, '', '', 10088, 'Number of processed values per second', 'zabbix[wcache,values]', '1m', '1w', '365d', 0, 0, '', '', '', 0, '', '', '', '', 0, '', NULL, NULL, '', '', 0, '', '', '', '', 0, 0, NULL, '', '', 0, '30d', 0, 0, 0, '', 0, '', NULL, '3s', '', '', '', '200', 1, 0, '', '', 0, 1, 0, '', '', '', 0, 0, 0);
INSERT INTO items VALUES (18, 5, '', '', 10088, 'Number of processed text values per second', 'zabbix[wcache,values,text]', '1m', '1w', '365d', 0, 0, '', '', '', 0, '', '', '', '', 0, '', NULL, NULL, '', '', 0, '', '', '', '', 0, 0, NULL, '', '', 0, '30d', 0, 0, 0, '', 0, '', NULL, '3s', '', '', '', '200', 1, 0, '', '', 0, 1, 0, '', '', '', 0, 0, 0);
INSERT INTO items VALUES (19, 5, '', '', 10088, 'Number of processed character values per second', 'zabbix[wcache,values,str]', '1m', '1w', '365d', 0, 0, '', '', '', 0, '', '', '', '', 0, '', NULL, NULL, '', '', 0, '', '', '', '', 0, 0, NULL, '', '', 0, '30d', 0, 0, 0, '', 0, '', NULL, '3s', '', '', '', '200', 1, 0, '', '', 0, 1, 0, '', '', '', 0, 0, 0);
INSERT INTO items VALUES (20, 5, '', '', 10088, 'Number of processed log values per second', 'zabbix[wcache,values,log]', '1m', '1w', '365d', 0, 0, '', '', '', 0, '', '', '', '', 0, '', NULL, NULL, '', '', 0, '', '', '', '', 0, 0, NULL, '', '', 0, '30d', 0, 0, 0, '', 0, '', NULL, '3s', '', '', '', '200', 1, 0, '', '', 0, 1, 0, '', '', '', 0, 0, 0);
INSERT INTO items VALUES (21, 5, '', '', 10088, 'Number of processed not supported values per second', 'zabbix[wcache,values,not supported]', '1m', '1w', '365d', 0, 0, '', '', '', 0, '', '', '', '', 0, '', NULL, NULL, '', '', 0, '', '', '', '', 0, 0, NULL, '', '', 0, '30d', 0, 0, 0, '', 0, '', NULL, '3s', '', '', '', '200', 1, 0, '', '', 0, 1, 0, '', '', '', 0, 0, 0);
INSERT INTO items VALUES (22, 5, '', '', 10088, 'Utilization of unreachable poller data collector processes, in %', 'zabbix[process,unreachable poller,avg,busy]', '1m', '1w', '365d', 0, 0, '', '%', '', 0, '', '', '', '', 0, '', NULL, NULL, '', '', 0, '', '', '', '', 0, 0, NULL, '', '', 0, '30d', 0, 0, 0, '', 0, '', NULL, '3s', '', '', '', '200', 1, 0, '', '', 0, 1, 0, '', '', '', 0, 0, 0);
INSERT INTO items VALUES (23, 5, '', '', 10088, 'Utilization of trapper data collector processes, in %', 'zabbix[process,trapper,avg,busy]', '1m', '1w', '365d', 0, 0, '', '%', '', 0, '', '', '', '', 0, '', NULL, NULL, '', '', 0, '', '', '', '', 0, 0, NULL, '', '', 0, '30d', 0, 0, 0, '', 0, '', NULL, '3s', '', '', '', '200', 1, 0, '', '', 0, 1, 0, '', '', '', 0, 0, 0);
INSERT INTO items VALUES (24, 5, '', '', 10088, 'Utilization of housekeeper internal processes, in %', 'zabbix[process,housekeeper,avg,busy]', '1m', '1w', '365d', 0, 0, '', '%', '', 0, '', '', '', '', 0, '', NULL, NULL, '', '', 0, '', '', '', '', 0, 0, NULL, '', '', 0, '30d', 0, 0, 0, '', 0, '', NULL, '3s', '', '', '', '200', 1, 0, '', '', 0, 1, 0, '', '', '', 0, 0, 0);
INSERT INTO items VALUES (25, 5, '', '', 10088, 'Utilization of http poller data collector processes, in %', 'zabbix[process,http poller,avg,busy]', '1m', '1w', '365d', 0, 0, '', '%', '', 0, '', '', '', '', 0, '', NULL, NULL, '', '', 0, '', '', '', '', 0, 0, NULL, '', '', 0, '30d', 0, 0, 0, '', 0, '', NULL, '3s', '', '', '', '200', 1, 0, '', '', 0, 1, 0, '', '', '', 0, 0, 0);
INSERT INTO items VALUES (26, 5, '', '', 10088, 'Utilization of history syncer internal processes, in %', 'zabbix[process,history syncer,avg,busy]', '1m', '1w', '365d', 0, 0, '', '%', '', 0, '', '', '', '', 0, '', NULL, NULL, '', '', 0, '', '', '', '', 0, 0, NULL, '', '', 0, '30d', 0, 0, 0, '', 0, '', NULL, '3s', '', '', '', '200', 1, 0, '', '', 0, 1, 0, '', '', '', 0, 0, 0);
INSERT INTO items VALUES (27, 5, '', '', 10088, 'Utilization of heartbeat sender internal processes, in %', 'zabbix[process,heartbeat sender,avg,busy]', '1m', '1w', '365d', 0, 0, '', '%', '', 0, '', '', '', '', 0, '', NULL, NULL, '', '', 0, '', '', '', '', 0, 0, NULL, '', '', 0, '30d', 0, 0, 0, '', 0, '', NULL, '3s', '', '', '', '200', 1, 0, '', '', 0, 1, 0, '', '', '', 0, 0, 0);
INSERT INTO items VALUES (28, 5, '', '', 10088, 'Utilization of data sender internal processes, in %', 'zabbix[process,data sender,avg,busy]', '1m', '1w', '365d', 0, 0, '', '%', '', 0, '', '', '', '', 0, '', NULL, NULL, '', '', 0, '', '', '', '', 0, 0, NULL, '', '', 0, '30d', 0, 0, 0, '', 0, '', NULL, '3s', '', '', '', '200', 1, 0, '', '', 0, 1, 0, '', '', '', 0, 0, 0);
INSERT INTO items VALUES (29, 5, '', '', 10088, 'Utilization of discoverer data collector processes, in %', 'zabbix[process,discoverer,avg,busy]', '1m', '1w', '365d', 0, 0, 'localhost', '%', '', 0, '', '', '', '', 0, '', NULL, NULL, '', '', 0, '', '', '', '', 0, 0, NULL, '', '', 0, '30d', 0, 0, 0, '', 0, '', NULL, '3s', '', '', '', '200', 1, 0, '', '', 0, 1, 0, '', '', '', 0, 0, 0);
INSERT INTO items VALUES (30, 5, '', '', 10088, 'Utilization of icmp pinger data collector processes, in %', 'zabbix[process,icmp pinger,avg,busy]', '1m', '1w', '365d', 0, 0, '', '%', '', 0, '', '', '', '', 0, '', NULL, NULL, '', '', 0, '', '', '', '', 0, 0, NULL, '', '', 0, '30d', 0, 0, 0, '', 0, '', NULL, '3s', '', '', '', '200', 1, 0, '', '', 0, 1, 0, '', '', '', 0, 0, 0);
INSERT INTO items VALUES (31, 5, '', '', 10088, 'Utilization of ipmi manager internal processes, in %', 'zabbix[process,ipmi manager,avg,busy]', '1m', '1w', '365d', 1, 0, '', '%', '', 0, '', '', '', '', 0, '', NULL, NULL, '', '', 0, '', '', '', '', 0, 0, NULL, '', '', 0, '30d', 0, 0, 0, '', 0, '', NULL, '3s', '', '', '', '200', 1, 0, '', '', 0, 1, 0, '', '', '', 0, 0, 0);
INSERT INTO items VALUES (32, 5, '', '', 10088, 'Utilization of snmp trapper data collector processes, in %', 'zabbix[process,snmp trapper,avg,busy]', '1m', '1w', '365d', 1, 0, '', '%', '', 0, '', '', '', '', 0, '', NULL, NULL, '', '', 0, '', '', '', '', 0, 0, NULL, '', '', 0, '30d', 0, 0, 0, '', 0, '', NULL, '3s', '', '', '', '200', 1, 0, '', '', 0, 1, 0, '', '', '', 0, 0, 0);
INSERT INTO items VALUES (33, 5, '', '', 10088, 'Utilization of task manager internal processes, in %', 'zabbix[process,task manager,avg,busy]', '1m', '1w', '365d', 0, 0, '', '%', '', 0, '', '', '', '', 0, '', NULL, NULL, '', '', 0, '', '', '', '', 0, 0, NULL, '', '', 0, '30d', 0, 0, 0, '', 0, '', NULL, '3s', '', '', '', '200', 1, 0, '', '', 0, 1, 0, '', '', '', 0, 0, 0);
INSERT INTO items VALUES (34, 5, '', '', 10088, 'Utilization of self-monitoring internal processes, in %', 'zabbix[process,self-monitoring,avg,busy]', '1m', '1w', '365d', 0, 0, '', '%', '', 0, '', '', '', '', 0, '', NULL, NULL, '', '', 0, '', '', '', '', 0, 0, NULL, '', '', 0, '30d', 0, 0, 0, '', 0, '', NULL, '3s', '', '', '', '200', 1, 0, '', '', 0, 1, 0, '', '', '', 0, 0, 0);
INSERT INTO items VALUES (35, 5, '', '', 10088, 'Utilization of poller data collector processes, in %', 'zabbix[process,poller,avg,busy]', '1m', '1w', '365d', 0, 0, 'localhost', '%', '', 0, '', '', '', '', 0, '', NULL, NULL, '', '', 0, '', '', '', '', 0, 0, NULL, '', '', 0, '30d', 0, 0, 0, '', 0, '', NULL, '3s', '', '', '', '200', 1, 0, '', '', 0, 1, 0, '', '', '', 0, 0, 0);
INSERT INTO items VALUES (36, 5, '', '', 10088, 'Utilization of ipmi poller data collector processes, in %', 'zabbix[process,ipmi poller,avg,busy]', '1m', '1w', '365d', 1, 0, '', '%', '', 0, '', '', '', '', 0, '', NULL, NULL, '', '', 0, '', '', '', '', 0, 0, NULL, '', '', 0, '30d', 0, 0, 0, '', 0, '', NULL, '3s', '', '', '', '200', 1, 0, '', '', 0, 1, 0, '', '', '', 0, 0, 0);
INSERT INTO items VALUES (37, 5, '', '', 10088, 'Utilization of java poller data collector processes, in %', 'zabbix[process,java poller,avg,busy]', '1m', '1w', '365d', 1, 0, '', '%', '', 0, '', '', '', '', 0, '', NULL, NULL, '', '', 0, '', '', '', '', 0, 0, NULL, '', '', 0, '30d', 0, 0, 0, '', 0, '', NULL, '3s', '', '', '', '200', 1, 0, '', '', 0, 1, 0, '', '', '', 0, 0, 0);
INSERT INTO items VALUES (38, 5, '', '', 10088, 'Utilization of configuration syncer internal processes, in %', 'zabbix[process,configuration syncer,avg,busy]', '1m', '1w', '365d', 0, 0, '', '%', '', 0, '', '', '', '', 0, '', NULL, NULL, '', '', 0, '', '', '', '', 0, 0, NULL, '', '', 0, '30d', 0, 0, 0, '', 0, '', NULL, '3s', '', '', '', '200', 1, 0, '', '', 0, 1, 0, '', '', '', 0, 0, 0);
INSERT INTO items VALUES (39, 5, '', '', 10089, 'Zabbix value cache, % used', 'zabbix[vcache,buffer,pused]', '1m', '1w', '365d', 0, 0, '', '%', '', 0, '', '', '', '', 0, '', NULL, NULL, '', '', 0, '', '', '', '', 0, 0, NULL, '', '', 0, '30d', 0, 0, 0, '', 0, '', NULL, '3s', '', '', '', '200', 1, 0, '', '', 0, 0, 0, '', '', '', 0, 0, 0);
INSERT INTO items VALUES (40, 5, '', '', 10089, 'Zabbix value cache hits', 'zabbix[vcache,cache,hits]', '1m', '1w', '365d', 0, 0, '', 'vps', '', 0, '', '', '', '', 0, '', NULL, NULL, '', '', 0, '', '', '', '', 0, 0, NULL, '', '', 0, '30d', 0, 0, 0, '', 0, '', NULL, '3s', '', '', '', '200', 1, 0, '', '', 0, 0, 0, '', '', '', 0, 0, 0);
INSERT INTO items VALUES (41, 5, '', '', 10089, 'Zabbix value cache misses', 'zabbix[vcache,cache,misses]', '1m', '1w', '365d', 0, 0, '', 'vps', '', 0, '', '', '', '', 0, '', NULL, NULL, '', '', 0, '', '', '', '', 0, 0, NULL, '', '', 0, '30d', 0, 0, 0, '', 0, '', NULL, '3s', '', '', '', '200', 1, 0, '', '', 0, 0, 0, '', '', '', 0, 0, 0);
INSERT INTO items VALUES (42, 5, '', '', 10089, 'Zabbix value cache operating mode', 'zabbix[vcache,cache,mode]', '1m', '1w', '365d', 0, 3, '', '', '', 0, '', '', '', '', 0, '', NULL, 15, '', '', 0, '', '', '', '', 0, 0, NULL, '', '', 0, '30d', 0, 0, 0, '', 0, '', NULL, '3s', '', '', '', '200', 1, 0, '', '', 0, 0, 0, '', '', '', 0, 0, 0);
INSERT INTO items VALUES (43, 5, '', '', 10089, 'Number Required performance of Zabbix server values per second', 'zabbix[requiredperformance]', '1m', '1w', '365d', 0, 0, '', '', '', 0, '', '', '', '', 0, '', NULL, NULL, '', '', 0, '', '', '', '', 0, 0, NULL, '', '', 0, '30d', 0, 0, 0, '', 0, '', NULL, '3s', '', '', '', '200', 1, 0, '', '', 0, 0, 0, '', '', '', 0, 0, 0);
INSERT INTO items VALUES (44, 5, '', '', 10089, 'Zabbix configuration cache, % used', 'zabbix[rcache,buffer,pused]', '1m', '1w', '365d', 0, 0, '', '%', '', 0, '', '', '', '', 0, '', NULL, NULL, '', '', 0, '', '', '', '', 0, 0, NULL, '', '', 0, '30d', 0, 0, 0, '', 0, '', NULL, '3s', '', '', '', '200', 1, 0, '', '', 0, 0, 0, '', '', '', 0, 0, 0);
INSERT INTO items VALUES (45, 5, '', '', 10089, 'Utilization of vmware data collector processes, in %', 'zabbix[process,vmware collector,avg,busy]', '1m', '1w', '365d', 1, 0, '', '%', '', 0, '', '', '', '', 0, '', NULL, NULL, '', '', 0, '', '', '', '', 0, 0, NULL, '', '', 0, '30d', 0, 0, 0, '', 0, '', NULL, '3s', '', '', '', '200', 1, 0, '', '', 0, 0, 0, '', '', '', 0, 0, 0);
INSERT INTO items VALUES (46, 5, '', '', 10089, 'Zabbix queue over 10 minutes', 'zabbix[queue,10m]', '10m', '1w', '365d', 0, 3, '', '', '', 0, '', '', '', '', 0, '', NULL, NULL, '', '', 0, '', '', '', '', 0, 0, NULL, '', '', 0, '30d', 0, 0, 0, '', 0, '', NULL, '3s', '', '', '', '200', 1, 0, '', '', 0, 0, 0, '', '', '', 0, 0, 0);
INSERT INTO items VALUES (47, 5, '', '', 10089, 'Zabbix queue', 'zabbix[queue]', '1m', '1w', '365d', 0, 3, '', '', '', 0, '', '', '', '', 0, '', NULL, NULL, '', '', 0, '', '', '', '', 0, 0, NULL, '', '', 0, '30d', 0, 0, 0, '', 0, '', NULL, '3s', '', '', '', '200', 1, 0, '', '', 0, 0, 0, '', '', '', 0, 0, 0);
INSERT INTO items VALUES (48, 5, '', '', 10089, 'Zabbix vmware cache, % used', 'zabbix[vmware,buffer,pused]', '1m', '1w', '365d', 1, 0, '', '%', '', 0, '', '', '', '', 0, '', NULL, NULL, '', '', 0, '', '', '', '', 0, 0, NULL, '', '', 0, '30d', 0, 0, 0, '', 0, '', NULL, '3s', '', '', '', '200', 1, 0, '', '', 0, 0, 0, '', '', '', 0, 0, 0);
INSERT INTO items VALUES (49, 5, '', '', 10089, 'Zabbix history write cache, % used', 'zabbix[wcache,history,pused]', '1m', '1w', '365d', 0, 0, '', '%', '', 0, '', '', '', '', 0, '', NULL, NULL, '', '', 0, '', '', '', '', 0, 0, NULL, '', '', 0, '30d', 0, 0, 0, '', 0, '', NULL, '3s', '', '', '', '200', 1, 0, '', '', 0, 0, 0, '', '', '', 0, 0, 0);
INSERT INTO items VALUES (50, 5, '', '', 10089, 'Number of processed character values per second', 'zabbix[wcache,values,str]', '1m', '1w', '365d', 0, 0, '', '', '', 0, '', '', '', '', 0, '', NULL, NULL, '', '', 0, '', '', '', '', 0, 0, NULL, '', '', 0, '30d', 0, 0, 0, '', 0, '', NULL, '3s', '', '', '', '200', 1, 0, '', '', 0, 0, 0, '', '', '', 0, 0, 0);
INSERT INTO items VALUES (51, 5, '', '', 10089, 'Number of processed text values per second', 'zabbix[wcache,values,text]', '1m', '1w', '365d', 0, 0, '', '', '', 0, '', '', '', '', 0, '', NULL, NULL, '', '', 0, '', '', '', '', 0, 0, NULL, '', '', 0, '30d', 0, 0, 0, '', 0, '', NULL, '3s', '', '', '', '200', 1, 0, '', '', 0, 0, 0, '', '', '', 0, 0, 0);
INSERT INTO items VALUES (52, 5, '', '', 10089, 'Number of processed numeric (unsigned) values per second', 'zabbix[wcache,values,uint]', '1m', '1w', '365d', 0, 0, '', '', '', 0, '', '', '', '', 0, '', NULL, NULL, '', '', 0, '', '', '', '', 0, 0, NULL, '', '', 0, '30d', 0, 0, 0, '', 0, '', NULL, '3s', '', '', '', '200', 1, 0, '', '', 0, 0, 0, '', '', '', 0, 0, 0);
INSERT INTO items VALUES (53, 5, '', '', 10089, 'Number of processed values per second', 'zabbix[wcache,values]', '1m', '1w', '365d', 0, 0, '', '', '', 0, '', '', '', '', 0, '', NULL, NULL, '', '', 0, '', '', '', '', 0, 0, NULL, '', '', 0, '30d', 0, 0, 0, '', 0, '', NULL, '3s', '', '', '', '200', 1, 0, '', '', 0, 0, 0, '', '', '', 0, 0, 0);
INSERT INTO items VALUES (54, 5, '', '', 10089, 'Number of processed not supported values per second', 'zabbix[wcache,values,not supported]', '1m', '1w', '365d', 0, 0, '', '', '', 0, '', '', '', '', 0, '', NULL, NULL, '', '', 0, '', '', '', '', 0, 0, NULL, '', '', 0, '30d', 0, 0, 0, '', 0, '', NULL, '3s', '', '', '', '200', 1, 0, '', '', 0, 0, 0, '', '', '', 0, 0, 0);
INSERT INTO items VALUES (55, 5, '', '', 10089, 'Number of processed log values per second', 'zabbix[wcache,values,log]', '1m', '1w', '365d', 0, 0, '', '', '', 0, '', '', '', '', 0, '', NULL, NULL, '', '', 0, '', '', '', '', 0, 0, NULL, '', '', 0, '30d', 0, 0, 0, '', 0, '', NULL, '3s', '', '', '', '200', 1, 0, '', '', 0, 0, 0, '', '', '', 0, 0, 0);
INSERT INTO items VALUES (56, 5, '', '', 10089, 'Zabbix history index cache, % used', 'zabbix[wcache,index,pused]', '1m', '1w', '365d', 0, 0, '', '%', '', 0, '', '', '', '', 0, '', NULL, NULL, '', '', 0, '', '', '', '', 0, 0, NULL, '', '', 0, '30d', 0, 0, 0, '', 0, '', NULL, '3s', '', '', '', '200', 1, 0, '', '', 0, 0, 0, '', '', '', 0, 0, 0);
INSERT INTO items VALUES (57, 5, '', '', 10089, 'Zabbix trend write cache, % used', 'zabbix[wcache,trend,pused]', '1m', '1w', '365d', 0, 0, '', '%', '', 0, '', '', '', '', 0, '', NULL, NULL, '', '', 0, '', '', '', '', 0, 0, NULL, '', '', 0, '30d', 0, 0, 0, '', 0, '', NULL, '3s', '', '', '', '200', 1, 0, '', '', 0, 0, 0, '', '', '', 0, 0, 0);
INSERT INTO items VALUES (58, 5, '', '', 10089, 'Number of processed numeric (float) values per second', 'zabbix[wcache,values,float]', '1m', '1w', '365d', 0, 0, '', '', '', 0, '', '', '', '', 0, '', NULL, NULL, '', '', 0, '', '', '', '', 0, 0, NULL, '', '', 0, '30d', 0, 0, 0, '', 0, '', NULL, '3s', '', '', '', '200', 1, 0, '', '', 0, 0, 0, '', '', '', 0, 0, 0);
INSERT INTO items VALUES (59, 5, '', '', 10089, 'Utilization of unreachable poller data collector processes, in %', 'zabbix[process,unreachable poller,avg,busy]', '1m', '1w', '365d', 0, 0, '', '%', '', 0, '', '', '', '', 0, '', NULL, NULL, '', '', 0, '', '', '', '', 0, 0, NULL, '', '', 0, '30d', 0, 0, 0, '', 0, '', NULL, '3s', '', '', '', '200', 1, 0, '', '', 0, 0, 0, '', '', '', 0, 0, 0);
INSERT INTO items VALUES (60, 5, '', '', 10089, 'Utilization of trapper data collector processes, in %', 'zabbix[process,trapper,avg,busy]', '1m', '1w', '365d', 0, 0, '', '%', '', 0, '', '', '', '', 0, '', NULL, NULL, '', '', 0, '', '', '', '', 0, 0, NULL, '', '', 0, '30d', 0, 0, 0, '', 0, '', NULL, '3s', '', '', '', '200', 1, 0, '', '', 0, 0, 0, '', '', '', 0, 0, 0);
INSERT INTO items VALUES (61, 5, '', '', 10089, 'Utilization of history syncer internal processes, in %', 'zabbix[process,history syncer,avg,busy]', '1m', '1w', '365d', 0, 0, '', '%', '', 0, '', '', '', '', 0, '', NULL, NULL, '', '', 0, '', '', '', '', 0, 0, NULL, '', '', 0, '30d', 0, 0, 0, '', 0, '', NULL, '3s', '', '', '', '200', 1, 0, '', '', 0, 0, 0, '', '', '', 0, 0, 0);
INSERT INTO items VALUES (62, 5, '', '', 10089, 'Utilization of housekeeper internal processes, in %', 'zabbix[process,housekeeper,avg,busy]', '1m', '1w', '365d', 0, 0, '', '%', '', 0, '', '', '', '', 0, '', NULL, NULL, '', '', 0, '', '', '', '', 0, 0, NULL, '', '', 0, '30d', 0, 0, 0, '', 0, '', NULL, '3s', '', '', '', '200', 1, 0, '', '', 0, 0, 0, '', '', '', 0, 0, 0);
INSERT INTO items VALUES (63, 5, '', '', 10089, 'Utilization of http poller data collector processes, in %', 'zabbix[process,http poller,avg,busy]', '1m', '1w', '365d', 0, 0, '', '%', '', 0, '', '', '', '', 0, '', NULL, NULL, '', '', 0, '', '', '', '', 0, 0, NULL, '', '', 0, '30d', 0, 0, 0, '', 0, '', NULL, '3s', '', '', '', '200', 1, 0, '', '', 0, 0, 0, '', '', '', 0, 0, 0);
INSERT INTO items VALUES (64, 5, '', '', 10089, 'Utilization of icmp pinger data collector processes, in %', 'zabbix[process,icmp pinger,avg,busy]', '1m', '1w', '365d', 0, 0, '', '%', '', 0, '', '', '', '', 0, '', NULL, NULL, '', '', 0, '', '', '', '', 0, 0, NULL, '', '', 0, '30d', 0, 0, 0, '', 0, '', NULL, '3s', '', '', '', '200', 1, 0, '', '', 0, 0, 0, '', '', '', 0, 0, 0);
INSERT INTO items VALUES (65, 5, '', '', 10089, 'Utilization of escalator internal processes, in %', 'zabbix[process,escalator,avg,busy]', '1m', '1w', '365d', 0, 0, '', '%', '', 0, '', '', '', '', 0, '', NULL, NULL, '', '', 0, '', '', '', '', 0, 0, NULL, '', '', 0, '30d', 0, 0, 0, '', 0, '', NULL, '3s', '', '', '', '200', 1, 0, '', '', 0, 0, 0, '', '', '', 0, 0, 0);
INSERT INTO items VALUES (66, 5, '', '', 10089, 'Utilization of discoverer data collector processes, in %', 'zabbix[process,discoverer,avg,busy]', '1m', '1w', '365d', 0, 0, '', '%', '', 0, '', '', '', '', 0, '', NULL, NULL, '', '', 0, '', '', '', '', 0, 0, NULL, '', '', 0, '30d', 0, 0, 0, '', 0, '', NULL, '3s', '', '', '', '200', 1, 0, '', '', 0, 0, 0, '', '', '', 0, 0, 0);
INSERT INTO items VALUES (67, 5, '', '', 10089, 'Utilization of alerter internal processes, in %', 'zabbix[process,alerter,avg,busy]', '1m', '1w', '365d', 0, 0, '', '%', '', 0, '', '', '', '', 0, '', NULL, NULL, '', '', 0, '', '', '', '', 0, 0, NULL, '', '', 0, '30d', 0, 0, 0, '', 0, '', NULL, '3s', '', '', '', '200', 1, 0, '', '', 0, 0, 0, '', '', '', 0, 0, 0);
INSERT INTO items VALUES (68, 5, '', '', 10089, 'Utilization of alert manager internal processes, in %', 'zabbix[process,alert manager,avg,busy]', '1m', '1w', '365d', 0, 0, '', '%', '', 0, '', '', '', '', 0, '', NULL, NULL, '', '', 0, '', '', '', '', 0, 0, NULL, '', '', 0, '30d', 0, 0, 0, '', 0, '', NULL, '3s', '', '', '', '200', 1, 0, '', '', 0, 0, 0, '', '', '', 0, 0, 0);
INSERT INTO items VALUES (69, 5, '', '', 10089, 'Utilization of configuration syncer internal processes, in %', 'zabbix[process,configuration syncer,avg,busy]', '1m', '1w', '365d', 0, 0, '', '%', '', 0, '', '', '', '', 0, '', NULL, NULL, '', '', 0, '', '', '', '', 0, 0, NULL, '', '', 0, '30d', 0, 0, 0, '', 0, '', NULL, '3s', '', '', '', '200', 1, 0, '', '', 0, 0, 0, '', '', '', 0, 0, 0);
INSERT INTO items VALUES (70, 5, '', '', 10089, 'Utilization of ipmi manager internal processes, in %', 'zabbix[process,ipmi manager,avg,busy]', '1m', '1w', '365d', 1, 0, '', '%', '', 0, '', '', '', '', 0, '', NULL, NULL, '', '', 0, '', '', '', '', 0, 0, NULL, '', '', 0, '30d', 0, 0, 0, '', 0, '', NULL, '3s', '', '', '', '200', 1, 0, '', '', 0, 0, 0, '', '', '', 0, 0, 0);
INSERT INTO items VALUES (71, 5, '', '', 10089, 'Utilization of ipmi poller data collector processes, in %', 'zabbix[process,ipmi poller,avg,busy]', '1m', '1w', '365d', 1, 0, '', '%', '', 0, '', '', '', '', 0, '', NULL, NULL, '', '', 0, '', '', '', '', 0, 0, NULL, '', '', 0, '30d', 0, 0, 0, '', 0, '', NULL, '3s', '', '', '', '200', 1, 0, '', '', 0, 0, 0, '', '', '', 0, 0, 0);
INSERT INTO items VALUES (72, 5, '', '', 10089, 'Utilization of self-monitoring internal processes, in %', 'zabbix[process,self-monitoring,avg,busy]', '1m', '1w', '365d', 0, 0, '', '%', '', 0, '', '', '', '', 0, '', NULL, NULL, '', '', 0, '', '', '', '', 0, 0, NULL, '', '', 0, '30d', 0, 0, 0, '', 0, '', NULL, '3s', '', '', '', '200', 1, 0, '', '', 0, 0, 0, '', '', '', 0, 0, 0);
INSERT INTO items VALUES (73, 5, '', '', 10089, 'Utilization of snmp trapper data collector processes, in %', 'zabbix[process,snmp trapper,avg,busy]', '1m', '1w', '365d', 1, 0, '', '%', '', 0, '', '', '', '', 0, '', NULL, NULL, '', '', 0, '', '', '', '', 0, 0, NULL, '', '', 0, '30d', 0, 0, 0, '', 0, '', NULL, '3s', '', '', '', '200', 1, 0, '', '', 0, 0, 0, '', '', '', 0, 0, 0);
INSERT INTO items VALUES (74, 5, '', '', 10089, 'Utilization of task manager internal processes, in %', 'zabbix[process,task manager,avg,busy]', '1m', '1w', '365d', 0, 0, '', '%', '', 0, '', '', '', '', 0, '', NULL, NULL, '', '', 0, '', '', '', '', 0, 0, NULL, '', '', 0, '30d', 0, 0, 0, '', 0, '', NULL, '3s', '', '', '', '200', 1, 0, '', '', 0, 0, 0, '', '', '', 0, 0, 0);
INSERT INTO items VALUES (75, 5, '', '', 10089, 'Utilization of timer internal processes, in %', 'zabbix[process,timer,avg,busy]', '1m', '1w', '365d', 0, 0, '', '%', '', 0, '', '', '', '', 0, '', NULL, NULL, '', '', 0, '', '', '', '', 0, 0, NULL, '', '', 0, '30d', 0, 0, 0, '', 0, '', NULL, '3s', '', '', '', '200', 1, 0, '', '', 0, 0, 0, '', '', '', 0, 0, 0);
INSERT INTO items VALUES (76, 5, '', '', 10089, 'Utilization of proxy poller data collector processes, in %', 'zabbix[process,proxy poller,avg,busy]', '1m', '1w', '365d', 0, 0, '', '%', '', 0, '', '', '', '', 0, '', NULL, NULL, '', '', 0, '', '', '', '', 0, 0, NULL, '', '', 0, '30d', 0, 0, 0, '', 0, '', NULL, '3s', '', '', '', '200', 1, 0, '', '', 0, 0, 0, '', '', '', 0, 0, 0);
INSERT INTO items VALUES (77, 5, '', '', 10089, 'Utilization of preprocessing worker internal processes, in %', 'zabbix[process,preprocessing worker,avg,busy]', '1m', '1w', '365d', 0, 0, '', '%', '', 0, '', '', '', '', 0, '', NULL, NULL, '', '', 0, '', '', '', '', 0, 0, NULL, '', '', 0, '30d', 0, 0, 0, '', 0, '', NULL, '3s', '', '', '', '200', 1, 0, '', '', 0, 0, 0, '', '', '', 0, 0, 0);
INSERT INTO items VALUES (78, 5, '', '', 10089, 'Utilization of java poller data collector processes, in %', 'zabbix[process,java poller,avg,busy]', '1m', '1w', '365d', 1, 0, '', '%', '', 0, '', '', '', '', 0, '', NULL, NULL, '', '', 0, '', '', '', '', 0, 0, NULL, '', '', 0, '30d', 0, 0, 0, '', 0, '', NULL, '3s', '', '', '', '200', 1, 0, '', '', 0, 0, 0, '', '', '', 0, 0, 0);
INSERT INTO items VALUES (79, 5, '', '', 10089, 'Utilization of poller data collector processes, in %', 'zabbix[process,poller,avg,busy]', '1m', '1w', '365d', 0, 0, '', '%', '', 0, '', '', '', '', 0, '', NULL, NULL, '', '', 0, '', '', '', '', 0, 0, NULL, '', '', 0, '30d', 0, 0, 0, '', 0, '', NULL, '3s', '', '', '', '200', 1, 0, '', '', 0, 0, 0, '', '', '', 0, 0, 0);
INSERT INTO items VALUES (80, 5, '', '', 10089, 'Utilization of preprocessing manager internal processes, in %', 'zabbix[process,preprocessing manager,avg,busy]', '1m', '1w', '365d', 0, 0, '', '%', '', 0, '', '', '', '', 0, '', NULL, NULL, '', '', 0, '', '', '', '', 0, 0, NULL, '', '', 0, '30d', 0, 0, 0, '', 0, '', NULL, '3s', '', '', '', '200', 1, 0, '', '', 0, 0, 0, '', '', '', 0, 0, 0);
INSERT INTO items VALUES (81, 5, '', '', 10089, 'Zabbix preprocessing queue', 'zabbix[preprocessing_queue]', '1m', '1w', '365d', 0, 3, '', '', '', 0, '', '', '', '', 0, '', NULL, NULL, '', '', 0, '', '', '', '', 0, 0, NULL, '', 'Count of values enqueued in the preprocessing queue.', 0, '30d', 0, 0, 0, '', 0, '', NULL, '3s', '', '', '', '200', 1, 0, '', '', 0, 0, 0, '', '', '', 0, 0, 0);
INSERT INTO items VALUES (82, 3, '', '', 10090, 'ICMP response time', 'icmppingsec', '1m', '1w', '365d', 0, 0, '', 's', '', 0, '', '', '', '', 0, '', NULL, NULL, '', '', 0, '', '', '', '', 0, 0, NULL, '', '', 0, '30d', 0, 0, 0, '', 0, '', NULL, '3s', '', '', '', '200', 1, 0, '', '', 0, 0, 0, '', '', '', 0, 0, 0);
INSERT INTO items VALUES (83, 3, '', '', 10090, 'ICMP loss', 'icmppingloss', '1m', '1w', '365d', 0, 0, '', '%', '', 0, '', '', '', '', 0, '', NULL, NULL, '', '', 0, '', '', '', '', 0, 0, NULL, '', '', 0, '30d', 0, 0, 0, '', 0, '', NULL, '3s', '', '', '', '200', 1, 0, '', '', 0, 0, 0, '', '', '', 0, 0, 0);
INSERT INTO items VALUES (84, 3, '', '', 10090, 'ICMP ping', 'icmpping', '1m', '1w', '365d', 0, 3, '', '', '', 0, '', '', '', '', 0, '', NULL, 1, '', '', 0, '', '', '', '', 0, 0, NULL, '', '', 0, '30d', 0, 0, 0, '', 0, '', NULL, '3s', '', '', '', '200', 1, 0, '', '', 0, 0, 0, '', '', '', 0, 0, 0);
INSERT INTO items VALUES (85, 0, '', '', 10084, 'Host name of zabbix_agentd running', 'agent.hostname', '1h', '1w', '0', 0, 1, '', '', '', 0, '', '', '', '', 0, '', 6, NULL, '', '', 0, '', '', '', '', 0, 0, 1, '', '', 0, '30d', 0, 0, 0, '', 0, '', NULL, '3s', '', '', '', '200', 1, 0, '', '', 0, 0, 0, '', '', '', 0, 0, 0);
INSERT INTO items VALUES (86, 0, '', '', 10084, 'Agent ping', 'agent.ping', '2m', '15d', '365d', 0, 3, '', '', '', 0, '', '', '', '', 0, '', 5, 10, '', '', 0, '', '', '', '', 0, 0, 1, '', 'The agent always returns 1 for this item. It could be used in combination with nodata() for availability check.', 0, '30d', 0, 0, 0, '', 0, '', NULL, '3s', '', '', '', '200', 1, 0, '', '', 0, 0, 0, '', '', '', 0, 0, 0);
INSERT INTO items VALUES (87, 0, '', '', 10084, 'Version of zabbix_agent(d) running', 'agent.version', '1h', '1w', '0', 0, 1, '', '', '', 0, '', '', '', '', 0, '', 4, NULL, '', '', 0, '', '', '', '', 0, 0, 1, '', '', 0, '30d', 0, 0, 0, '', 0, '', NULL, '3s', '', '', '', '200', 1, 0, '', '', 0, 0, 0, '', '', '', 0, 0, 0);
INSERT INTO items VALUES (88, 5, '', '', 10084, 'Zabbix preprocessing queue', 'zabbix[preprocessing_queue]', '1m', '1w', '365d', 0, 3, '', '', '', 0, '', '', '', '', 0, '', 81, NULL, '', '', 0, '', '', '', '', 0, 0, NULL, '', 'Count of values enqueued in the preprocessing queue.', 0, '30d', 0, 0, 0, '', 0, '', NULL, '3s', '', '', '', '200', 1, 0, '', '', 0, 0, 0, '', '', '', 0, 0, 0);
INSERT INTO items VALUES (89, 5, '', '', 10084, 'Utilization of alert manager internal processes, in %', 'zabbix[process,alert manager,avg,busy]', '1m', '1w', '365d', 0, 0, '', '%', '', 0, '', '', '', '', 0, '', 68, NULL, '', '', 0, '', '', '', '', 0, 0, NULL, '', '', 0, '30d', 0, 0, 0, '', 0, '', NULL, '3s', '', '', '', '200', 1, 0, '', '', 0, 0, 0, '', '', '', 0, 0, 0);
INSERT INTO items VALUES (90, 5, '', '', 10084, 'Utilization of alerter internal processes, in %', 'zabbix[process,alerter,avg,busy]', '1m', '1w', '365d', 0, 0, '', '%', '', 0, '', '', '', '', 0, '', 67, NULL, '', '', 0, '', '', '', '', 0, 0, NULL, '', '', 0, '30d', 0, 0, 0, '', 0, '', NULL, '3s', '', '', '', '200', 1, 0, '', '', 0, 0, 0, '', '', '', 0, 0, 0);
INSERT INTO items VALUES (91, 5, '', '', 10084, 'Utilization of configuration syncer internal processes, in %', 'zabbix[process,configuration syncer,avg,busy]', '1m', '1w', '365d', 0, 0, '', '%', '', 0, '', '', '', '', 0, '', 69, NULL, '', '', 0, '', '', '', '', 0, 0, NULL, '', '', 0, '30d', 0, 0, 0, '', 0, '', NULL, '3s', '', '', '', '200', 1, 0, '', '', 0, 0, 0, '', '', '', 0, 0, 0);
INSERT INTO items VALUES (92, 5, '', '', 10084, 'Utilization of discoverer data collector processes, in %', 'zabbix[process,discoverer,avg,busy]', '1m', '1w', '365d', 0, 0, '', '%', '', 0, '', '', '', '', 0, '', 66, NULL, '', '', 0, '', '', '', '', 0, 0, NULL, '', '', 0, '30d', 0, 0, 0, '', 0, '', NULL, '3s', '', '', '', '200', 1, 0, '', '', 0, 0, 0, '', '', '', 0, 0, 0);
INSERT INTO items VALUES (93, 5, '', '', 10084, 'Utilization of escalator internal processes, in %', 'zabbix[process,escalator,avg,busy]', '1m', '1w', '365d', 0, 0, '', '%', '', 0, '', '', '', '', 0, '', 65, NULL, '', '', 0, '', '', '', '', 0, 0, NULL, '', '', 0, '30d', 0, 0, 0, '', 0, '', NULL, '3s', '', '', '', '200', 1, 0, '', '', 0, 0, 0, '', '', '', 0, 0, 0);
INSERT INTO items VALUES (94, 5, '', '', 10084, 'Utilization of history syncer internal processes, in %', 'zabbix[process,history syncer,avg,busy]', '1m', '1w', '365d', 0, 0, '', '%', '', 0, '', '', '', '', 0, '', 61, NULL, '', '', 0, '', '', '', '', 0, 0, NULL, '', '', 0, '30d', 0, 0, 0, '', 0, '', NULL, '3s', '', '', '', '200', 1, 0, '', '', 0, 0, 0, '', '', '', 0, 0, 0);
INSERT INTO items VALUES (95, 5, '', '', 10084, 'Utilization of housekeeper internal processes, in %', 'zabbix[process,housekeeper,avg,busy]', '1m', '1w', '365d', 0, 0, '', '%', '', 0, '', '', '', '', 0, '', 62, NULL, '', '', 0, '', '', '', '', 0, 0, NULL, '', '', 0, '30d', 0, 0, 0, '', 0, '', NULL, '3s', '', '', '', '200', 1, 0, '', '', 0, 0, 0, '', '', '', 0, 0, 0);
INSERT INTO items VALUES (96, 5, '', '', 10084, 'Utilization of http poller data collector processes, in %', 'zabbix[process,http poller,avg,busy]', '1m', '1w', '365d', 0, 0, '', '%', '', 0, '', '', '', '', 0, '', 63, NULL, '', '', 0, '', '', '', '', 0, 0, NULL, '', '', 0, '30d', 0, 0, 0, '', 0, '', NULL, '3s', '', '', '', '200', 1, 0, '', '', 0, 0, 0, '', '', '', 0, 0, 0);
INSERT INTO items VALUES (97, 5, '', '', 10084, 'Utilization of icmp pinger data collector processes, in %', 'zabbix[process,icmp pinger,avg,busy]', '1m', '1w', '365d', 0, 0, '', '%', '', 0, '', '', '', '', 0, '', 64, NULL, '', '', 0, '', '', '', '', 0, 0, NULL, '', '', 0, '30d', 0, 0, 0, '', 0, '', NULL, '3s', '', '', '', '200', 1, 0, '', '', 0, 0, 0, '', '', '', 0, 0, 0);
INSERT INTO items VALUES (98, 5, '', '', 10084, 'Utilization of ipmi manager internal processes, in %', 'zabbix[process,ipmi manager,avg,busy]', '1m', '1w', '365d', 1, 0, '', '%', '', 0, '', '', '', '', 0, '', 70, NULL, '', '', 0, '', '', '', '', 0, 0, NULL, '', '', 0, '30d', 0, 0, 0, '', 0, '', NULL, '3s', '', '', '', '200', 1, 0, '', '', 0, 0, 0, '', '', '', 0, 0, 0);
INSERT INTO items VALUES (99, 5, '', '', 10084, 'Utilization of ipmi poller data collector processes, in %', 'zabbix[process,ipmi poller,avg,busy]', '1m', '1w', '365d', 1, 0, '', '%', '', 0, '', '', '', '', 0, '', 71, NULL, '', '', 0, '', '', '', '', 0, 0, NULL, '', '', 0, '30d', 0, 0, 0, '', 0, '', NULL, '3s', '', '', '', '200', 1, 0, '', '', 0, 0, 0, '', '', '', 0, 0, 0);
INSERT INTO items VALUES (100, 5, '', '', 10084, 'Utilization of java poller data collector processes, in %', 'zabbix[process,java poller,avg,busy]', '1m', '1w', '365d', 1, 0, '', '%', '', 0, '', '', '', '', 0, '', 78, NULL, '', '', 0, '', '', '', '', 0, 0, NULL, '', '', 0, '30d', 0, 0, 0, '', 0, '', NULL, '3s', '', '', '', '200', 1, 0, '', '', 0, 0, 0, '', '', '', 0, 0, 0);
INSERT INTO items VALUES (101, 5, '', '', 10084, 'Utilization of poller data collector processes, in %', 'zabbix[process,poller,avg,busy]', '1m', '1w', '365d', 0, 0, '', '%', '', 0, '', '', '', '', 0, '', 79, NULL, '', '', 0, '', '', '', '', 0, 0, NULL, '', '', 0, '30d', 0, 0, 0, '', 0, '', NULL, '3s', '', '', '', '200', 1, 0, '', '', 0, 0, 0, '', '', '', 0, 0, 0);
INSERT INTO items VALUES (102, 5, '', '', 10084, 'Utilization of preprocessing manager internal processes, in %', 'zabbix[process,preprocessing manager,avg,busy]', '1m', '1w', '365d', 0, 0, '', '%', '', 0, '', '', '', '', 0, '', 80, NULL, '', '', 0, '', '', '', '', 0, 0, NULL, '', '', 0, '30d', 0, 0, 0, '', 0, '', NULL, '3s', '', '', '', '200', 1, 0, '', '', 0, 0, 0, '', '', '', 0, 0, 0);
INSERT INTO items VALUES (103, 5, '', '', 10084, 'Utilization of preprocessing worker internal processes, in %', 'zabbix[process,preprocessing worker,avg,busy]', '1m', '1w', '365d', 0, 0, '', '%', '', 0, '', '', '', '', 0, '', 77, NULL, '', '', 0, '', '', '', '', 0, 0, NULL, '', '', 0, '30d', 0, 0, 0, '', 0, '', NULL, '3s', '', '', '', '200', 1, 0, '', '', 0, 0, 0, '', '', '', 0, 0, 0);
INSERT INTO items VALUES (104, 5, '', '', 10084, 'Utilization of proxy poller data collector processes, in %', 'zabbix[process,proxy poller,avg,busy]', '1m', '1w', '365d', 0, 0, '', '%', '', 0, '', '', '', '', 0, '', 76, NULL, '', '', 0, '', '', '', '', 0, 0, NULL, '', '', 0, '30d', 0, 0, 0, '', 0, '', NULL, '3s', '', '', '', '200', 1, 0, '', '', 0, 0, 0, '', '', '', 0, 0, 0);
INSERT INTO items VALUES (105, 5, '', '', 10084, 'Utilization of self-monitoring internal processes, in %', 'zabbix[process,self-monitoring,avg,busy]', '1m', '1w', '365d', 0, 0, '', '%', '', 0, '', '', '', '', 0, '', 72, NULL, '', '', 0, '', '', '', '', 0, 0, NULL, '', '', 0, '30d', 0, 0, 0, '', 0, '', NULL, '3s', '', '', '', '200', 1, 0, '', '', 0, 0, 0, '', '', '', 0, 0, 0);
INSERT INTO items VALUES (106, 5, '', '', 10084, 'Utilization of snmp trapper data collector processes, in %', 'zabbix[process,snmp trapper,avg,busy]', '1m', '1w', '365d', 1, 0, '', '%', '', 0, '', '', '', '', 0, '', 73, NULL, '', '', 0, '', '', '', '', 0, 0, NULL, '', '', 0, '30d', 0, 0, 0, '', 0, '', NULL, '3s', '', '', '', '200', 1, 0, '', '', 0, 0, 0, '', '', '', 0, 0, 0);
INSERT INTO items VALUES (107, 5, '', '', 10084, 'Utilization of task manager internal processes, in %', 'zabbix[process,task manager,avg,busy]', '1m', '1w', '365d', 0, 0, '', '%', '', 0, '', '', '', '', 0, '', 74, NULL, '', '', 0, '', '', '', '', 0, 0, NULL, '', '', 0, '30d', 0, 0, 0, '', 0, '', NULL, '3s', '', '', '', '200', 1, 0, '', '', 0, 0, 0, '', '', '', 0, 0, 0);
INSERT INTO items VALUES (108, 5, '', '', 10084, 'Utilization of timer internal processes, in %', 'zabbix[process,timer,avg,busy]', '1m', '1w', '365d', 0, 0, '', '%', '', 0, '', '', '', '', 0, '', 75, NULL, '', '', 0, '', '', '', '', 0, 0, NULL, '', '', 0, '30d', 0, 0, 0, '', 0, '', NULL, '3s', '', '', '', '200', 1, 0, '', '', 0, 0, 0, '', '', '', 0, 0, 0);
INSERT INTO items VALUES (109, 5, '', '', 10084, 'Utilization of trapper data collector processes, in %', 'zabbix[process,trapper,avg,busy]', '1m', '1w', '365d', 0, 0, '', '%', '', 0, '', '', '', '', 0, '', 60, NULL, '', '', 0, '', '', '', '', 0, 0, NULL, '', '', 0, '30d', 0, 0, 0, '', 0, '', NULL, '3s', '', '', '', '200', 1, 0, '', '', 0, 0, 0, '', '', '', 0, 0, 0);
INSERT INTO items VALUES (110, 5, '', '', 10084, 'Utilization of unreachable poller data collector processes, in %', 'zabbix[process,unreachable poller,avg,busy]', '1m', '1w', '365d', 0, 0, '', '%', '', 0, '', '', '', '', 0, '', 59, NULL, '', '', 0, '', '', '', '', 0, 0, NULL, '', '', 0, '30d', 0, 0, 0, '', 0, '', NULL, '3s', '', '', '', '200', 1, 0, '', '', 0, 0, 0, '', '', '', 0, 0, 0);
INSERT INTO items VALUES (111, 5, '', '', 10084, 'Utilization of vmware data collector processes, in %', 'zabbix[process,vmware collector,avg,busy]', '1m', '1w', '365d', 1, 0, '', '%', '', 0, '', '', '', '', 0, '', 45, NULL, '', '', 0, '', '', '', '', 0, 0, NULL, '', '', 0, '30d', 0, 0, 0, '', 0, '', NULL, '3s', '', '', '', '200', 1, 0, '', '', 0, 0, 0, '', '', '', 0, 0, 0);
INSERT INTO items VALUES (112, 5, '', '', 10084, 'Zabbix queue over 10 minutes', 'zabbix[queue,10m]', '10m', '1w', '365d', 0, 3, '', '', '', 0, '', '', '', '', 0, '', 46, NULL, '', '', 0, '', '', '', '', 0, 0, NULL, '', '', 0, '30d', 0, 0, 0, '', 0, '', NULL, '3s', '', '', '', '200', 1, 0, '', '', 0, 0, 0, '', '', '', 0, 0, 0);
INSERT INTO items VALUES (113, 5, '', '', 10084, 'Zabbix queue', 'zabbix[queue]', '1m', '1w', '365d', 0, 3, '', '', '', 0, '', '', '', '', 0, '', 47, NULL, '', '', 0, '', '', '', '', 0, 0, NULL, '', '', 0, '30d', 0, 0, 0, '', 0, '', NULL, '3s', '', '', '', '200', 1, 0, '', '', 0, 0, 0, '', '', '', 0, 0, 0);
INSERT INTO items VALUES (114, 5, '', '', 10084, 'Zabbix configuration cache, % used', 'zabbix[rcache,buffer,pused]', '1m', '1w', '365d', 0, 0, '', '%', '', 0, '', '', '', '', 0, '', 44, NULL, '', '', 0, '', '', '', '', 0, 0, NULL, '', '', 0, '30d', 0, 0, 0, '', 0, '', NULL, '3s', '', '', '', '200', 1, 0, '', '', 0, 0, 0, '', '', '', 0, 0, 0);
INSERT INTO items VALUES (115, 5, '', '', 10084, 'Number Required performance of Zabbix server values per second', 'zabbix[requiredperformance]', '1m', '1w', '365d', 0, 0, '', '', '', 0, '', '', '', '', 0, '', 43, NULL, '', '', 0, '', '', '', '', 0, 0, NULL, '', '', 0, '30d', 0, 0, 0, '', 0, '', NULL, '3s', '', '', '', '200', 1, 0, '', '', 0, 0, 0, '', '', '', 0, 0, 0);
INSERT INTO items VALUES (116, 5, '', '', 10084, 'Zabbix value cache, % used', 'zabbix[vcache,buffer,pused]', '1m', '1w', '365d', 0, 0, '', '%', '', 0, '', '', '', '', 0, '', 39, NULL, '', '', 0, '', '', '', '', 0, 0, NULL, '', '', 0, '30d', 0, 0, 0, '', 0, '', NULL, '3s', '', '', '', '200', 1, 0, '', '', 0, 0, 0, '', '', '', 0, 0, 0);
INSERT INTO items VALUES (117, 5, '', '', 10084, 'Zabbix value cache hits', 'zabbix[vcache,cache,hits]', '1m', '1w', '365d', 0, 0, '', 'vps', '', 0, '', '', '', '', 0, '', 40, NULL, '', '', 0, '', '', '', '', 0, 0, NULL, '', '', 0, '30d', 0, 0, 0, '', 0, '', NULL, '3s', '', '', '', '200', 1, 0, '', '', 0, 0, 0, '', '', '', 0, 0, 0);
INSERT INTO items VALUES (118, 5, '', '', 10084, 'Zabbix value cache misses', 'zabbix[vcache,cache,misses]', '1m', '1w', '365d', 0, 0, '', 'vps', '', 0, '', '', '', '', 0, '', 41, NULL, '', '', 0, '', '', '', '', 0, 0, NULL, '', '', 0, '30d', 0, 0, 0, '', 0, '', NULL, '3s', '', '', '', '200', 1, 0, '', '', 0, 0, 0, '', '', '', 0, 0, 0);
INSERT INTO items VALUES (119, 5, '', '', 10084, 'Zabbix value cache operating mode', 'zabbix[vcache,cache,mode]', '1m', '1w', '365d', 0, 3, '', '', '', 0, '', '', '', '', 0, '', 42, 15, '', '', 0, '', '', '', '', 0, 0, NULL, '', '', 0, '30d', 0, 0, 0, '', 0, '', NULL, '3s', '', '', '', '200', 1, 0, '', '', 0, 0, 0, '', '', '', 0, 0, 0);
INSERT INTO items VALUES (120, 5, '', '', 10084, 'Zabbix vmware cache, % used', 'zabbix[vmware,buffer,pused]', '1m', '1w', '365d', 1, 0, '', '%', '', 0, '', '', '', '', 0, '', 48, NULL, '', '', 0, '', '', '', '', 0, 0, NULL, '', '', 0, '30d', 0, 0, 0, '', 0, '', NULL, '3s', '', '', '', '200', 1, 0, '', '', 0, 0, 0, '', '', '', 0, 0, 0);
INSERT INTO items VALUES (121, 5, '', '', 10084, 'Zabbix history write cache, % used', 'zabbix[wcache,history,pused]', '1m', '1w', '365d', 0, 0, '', '%', '', 0, '', '', '', '', 0, '', 49, NULL, '', '', 0, '', '', '', '', 0, 0, NULL, '', '', 0, '30d', 0, 0, 0, '', 0, '', NULL, '3s', '', '', '', '200', 1, 0, '', '', 0, 0, 0, '', '', '', 0, 0, 0);
INSERT INTO items VALUES (122, 5, '', '', 10084, 'Zabbix history index cache, % used', 'zabbix[wcache,index,pused]', '1m', '1w', '365d', 0, 0, '', '%', '', 0, '', '', '', '', 0, '', 56, NULL, '', '', 0, '', '', '', '', 0, 0, NULL, '', '', 0, '30d', 0, 0, 0, '', 0, '', NULL, '3s', '', '', '', '200', 1, 0, '', '', 0, 0, 0, '', '', '', 0, 0, 0);
INSERT INTO items VALUES (123, 5, '', '', 10084, 'Zabbix trend write cache, % used', 'zabbix[wcache,trend,pused]', '1m', '1w', '365d', 0, 0, '', '%', '', 0, '', '', '', '', 0, '', 57, NULL, '', '', 0, '', '', '', '', 0, 0, NULL, '', '', 0, '30d', 0, 0, 0, '', 0, '', NULL, '3s', '', '', '', '200', 1, 0, '', '', 0, 0, 0, '', '', '', 0, 0, 0);
INSERT INTO items VALUES (124, 5, '', '', 10084, 'Number of processed numeric (float) values per second', 'zabbix[wcache,values,float]', '1m', '1w', '365d', 0, 0, '', '', '', 0, '', '', '', '', 0, '', 58, NULL, '', '', 0, '', '', '', '', 0, 0, NULL, '', '', 0, '30d', 0, 0, 0, '', 0, '', NULL, '3s', '', '', '', '200', 1, 0, '', '', 0, 0, 0, '', '', '', 0, 0, 0);
INSERT INTO items VALUES (125, 5, '', '', 10084, 'Number of processed log values per second', 'zabbix[wcache,values,log]', '1m', '1w', '365d', 0, 0, '', '', '', 0, '', '', '', '', 0, '', 55, NULL, '', '', 0, '', '', '', '', 0, 0, NULL, '', '', 0, '30d', 0, 0, 0, '', 0, '', NULL, '3s', '', '', '', '200', 1, 0, '', '', 0, 0, 0, '', '', '', 0, 0, 0);
INSERT INTO items VALUES (126, 5, '', '', 10084, 'Number of processed not supported values per second', 'zabbix[wcache,values,not supported]', '1m', '1w', '365d', 0, 0, '', '', '', 0, '', '', '', '', 0, '', 54, NULL, '', '', 0, '', '', '', '', 0, 0, NULL, '', '', 0, '30d', 0, 0, 0, '', 0, '', NULL, '3s', '', '', '', '200', 1, 0, '', '', 0, 0, 0, '', '', '', 0, 0, 0);
INSERT INTO items VALUES (127, 5, '', '', 10084, 'Number of processed character values per second', 'zabbix[wcache,values,str]', '1m', '1w', '365d', 0, 0, '', '', '', 0, '', '', '', '', 0, '', 50, NULL, '', '', 0, '', '', '', '', 0, 0, NULL, '', '', 0, '30d', 0, 0, 0, '', 0, '', NULL, '3s', '', '', '', '200', 1, 0, '', '', 0, 0, 0, '', '', '', 0, 0, 0);
INSERT INTO items VALUES (128, 5, '', '', 10084, 'Number of processed text values per second', 'zabbix[wcache,values,text]', '1m', '1w', '365d', 0, 0, '', '', '', 0, '', '', '', '', 0, '', 51, NULL, '', '', 0, '', '', '', '', 0, 0, NULL, '', '', 0, '30d', 0, 0, 0, '', 0, '', NULL, '3s', '', '', '', '200', 1, 0, '', '', 0, 0, 0, '', '', '', 0, 0, 0);
INSERT INTO items VALUES (129, 5, '', '', 10084, 'Number of processed numeric (unsigned) values per second', 'zabbix[wcache,values,uint]', '1m', '1w', '365d', 0, 0, '', '', '', 0, '', '', '', '', 0, '', 52, NULL, '', '', 0, '', '', '', '', 0, 0, NULL, '', '', 0, '30d', 0, 0, 0, '', 0, '', NULL, '3s', '', '', '', '200', 1, 0, '', '', 0, 0, 0, '', '', '', 0, 0, 0);
INSERT INTO items VALUES (130, 5, '', '', 10084, 'Number of processed values per second', 'zabbix[wcache,values]', '1m', '1w', '365d', 0, 0, '', '', '', 0, '', '', '', '', 0, '', 53, NULL, '', '', 0, '', '', '', '', 0, 0, NULL, '', '', 0, '30d', 0, 0, 0, '', 0, '', NULL, '3s', '', '', '', '200', 1, 0, '', '', 0, 0, 0, '', '', '', 0, 0, 0);
INSERT INTO item_preproc VALUES (1, 7, 1, 10, '');
INSERT INTO item_preproc VALUES (2, 15, 2, 10, '');
INSERT INTO item_preproc VALUES (3, 16, 3, 10, '');
INSERT INTO item_preproc VALUES (4, 17, 4, 10, '');
INSERT INTO item_preproc VALUES (5, 18, 5, 10, '');
INSERT INTO item_preproc VALUES (6, 19, 6, 10, '');
INSERT INTO item_preproc VALUES (7, 20, 7, 10, '');
INSERT INTO item_preproc VALUES (8, 21, 8, 10, '');
INSERT INTO item_preproc VALUES (9, 40, 9, 10, '');
INSERT INTO item_preproc VALUES (10, 41, 10, 10, '');
INSERT INTO item_preproc VALUES (11, 43, 11, 10, '');
INSERT INTO item_preproc VALUES (12, 50, 12, 10, '');
INSERT INTO item_preproc VALUES (13, 51, 13, 10, '');
INSERT INTO item_preproc VALUES (14, 52, 14, 10, '');
INSERT INTO item_preproc VALUES (15, 53, 15, 10, '');
INSERT INTO item_preproc VALUES (16, 54, 16, 10, '');
INSERT INTO item_preproc VALUES (17, 55, 17, 10, '');
INSERT INTO item_preproc VALUES (18, 58, 18, 10, '');
INSERT INTO item_preproc VALUES (19, 115, 1, 10, '');
INSERT INTO item_preproc VALUES (20, 117, 2, 10, '');
INSERT INTO item_preproc VALUES (21, 118, 3, 10, '');
INSERT INTO item_preproc VALUES (22, 124, 4, 10, '');
INSERT INTO item_preproc VALUES (23, 125, 5, 10, '');
INSERT INTO item_preproc VALUES (24, 126, 6, 10, '');
INSERT INTO item_preproc VALUES (25, 127, 7, 10, '');
INSERT INTO item_preproc VALUES (26, 128, 8, 10, '');
INSERT INTO item_preproc VALUES (27, 129, 9, 10, '');
INSERT INTO item_preproc VALUES (28, 130, 10, 10, '');
INSERT INTO media_type VALUES (1, 0, 'Email', '', '', '', '', 0, 25, 0, 0, 0, 0, '', 1, 3, '10s');
INSERT INTO usrgrp VALUES (7, 'Zabbix administrators', 0, 0, 0);
INSERT INTO usrgrp VALUES (8, 'Guests', 1, 0, 0);
INSERT INTO usrgrp VALUES (9, 'Disabled', 0, 1, 0);
INSERT INTO usrgrp VALUES (11, 'Enabled debug mode', 0, 0, 1);
INSERT INTO usrgrp VALUES (12, 'No access to the frontend', 3, 0, 0);
INSERT INTO usrgrp VALUES (13, 'API-EM', 0, 0, 0);
INSERT INTO users_groups VALUES (2, 8, 2);
INSERT INTO users_groups VALUES (4, 7, 1);
INSERT INTO users_groups VALUES (5, 13, 3);
INSERT INTO users_groups VALUES (6, 7, 4);
INSERT INTO users_groups VALUES (7, 9, 2);
INSERT INTO scripts VALUES (1, 'Ping', 'ping -c 3 {HOST.CONN}; case $? in [01]) true;; *) false;; esac', 2, NULL, NULL, '', '', 0, 2);
INSERT INTO scripts VALUES (2, 'Traceroute', '/usr/bin/traceroute {HOST.CONN}', 2, NULL, NULL, '', '', 0, 2);
INSERT INTO scripts VALUES (3, 'Detect operating system', 'sudo /usr/bin/nmap -O {HOST.CONN}', 2, 7, NULL, '', '', 0, 2);
INSERT INTO actions VALUES (4, 'Report not supported items', 3, 0, 1, '1h', '{ITEM.STATE}: {HOST.NAME}:{ITEM.NAME}', 'Host: {HOST.NAME}
Item: {ITEM.NAME}
Key: {ITEM.KEY}
State: {ITEM.STATE}', '{ITEM.STATE}: {HOST.NAME}:{ITEM.NAME}', 'Host: {HOST.NAME}
Item: {ITEM.NAME}
Key: {ITEM.KEY}
State: {ITEM.STATE}', '', 1, '', '');
INSERT INTO actions VALUES (5, 'Report not supported low level discovery rules', 3, 0, 1, '1h', '{LLDRULE.STATE}: {HOST.NAME}:{LLDRULE.NAME}', 'Host: {HOST.NAME}
Low level discovery rule: {LLDRULE.NAME}
Key: {LLDRULE.KEY}
State: {LLDRULE.STATE}', '{LLDRULE.STATE}: {HOST.NAME}:{LLDRULE.NAME}', 'Host: {HOST.NAME}
Low level discovery rule: {LLDRULE.NAME}
Key: {LLDRULE.KEY}
State: {LLDRULE.STATE}', '', 1, '', '');
INSERT INTO actions VALUES (6, 'Report unknown triggers', 3, 0, 1, '1h', '{TRIGGER.STATE}: {TRIGGER.NAME}', 'Trigger name: {TRIGGER.NAME}
Expression: {TRIGGER.EXPRESSION}
State: {TRIGGER.STATE}', '{TRIGGER.STATE}: {TRIGGER.NAME}', 'Trigger name: {TRIGGER.NAME}
Expression: {TRIGGER.EXPRESSION}
State: {TRIGGER.STATE}', '', 1, '', '');
INSERT INTO actions VALUES (2, 'Auto discovery. Linux servers.', 1, 0, 1, '0', '', '', '', '', '', 1, '', '');
INSERT INTO operations VALUES (2, 2, 4, '0', 1, 1, 0, 0);
INSERT INTO operations VALUES (4, 4, 0, '0', 1, 1, 0, 0);
INSERT INTO operations VALUES (5, 5, 0, '0', 1, 1, 0, 0);
INSERT INTO operations VALUES (6, 6, 0, '0', 1, 1, 0, 0);
INSERT INTO operations VALUES (8, 4, 11, '0', 1, 1, 0, 1);
INSERT INTO operations VALUES (9, 5, 11, '0', 1, 1, 0, 1);
INSERT INTO operations VALUES (10, 6, 11, '0', 1, 1, 0, 1);
INSERT INTO opmessage VALUES (4, 1, '', '', NULL);
INSERT INTO opmessage VALUES (5, 1, '', '', NULL);
INSERT INTO opmessage VALUES (6, 1, '', '', NULL);
INSERT INTO opmessage VALUES (8, 1, '{ITEM.STATE}: {HOST.NAME}:{ITEM.NAME}', 'Host: {HOST.NAME}
Item: {ITEM.NAME}
Key: {ITEM.KEY}
State: {ITEM.STATE}', NULL);
INSERT INTO opmessage VALUES (9, 1, '{LLDRULE.STATE}: {HOST.NAME}:{LLDRULE.NAME}', 'Host: {HOST.NAME}
Low level discovery rule: {LLDRULE.NAME}
Key: {LLDRULE.KEY}
State: {LLDRULE.STATE}', NULL);
INSERT INTO opmessage VALUES (10, 1, '{TRIGGER.STATE}: {TRIGGER.NAME}', 'Trigger name: {TRIGGER.NAME}
Expression: {TRIGGER.EXPRESSION}
State: {TRIGGER.STATE}', NULL);
INSERT INTO opmessage_grp VALUES (2, 4, 7);
INSERT INTO opmessage_grp VALUES (3, 5, 7);
INSERT INTO opmessage_grp VALUES (4, 6, 7);
INSERT INTO opgroup VALUES (1, 2, 2);
INSERT INTO conditions VALUES (2, 2, 10, 0, '0', '');
INSERT INTO conditions VALUES (3, 2, 8, 0, '9', '');
INSERT INTO conditions VALUES (4, 2, 12, 2, 'Linux', '');
INSERT INTO conditions VALUES (6, 4, 23, 0, '0', '');
INSERT INTO conditions VALUES (7, 5, 23, 0, '2', '');
INSERT INTO conditions VALUES (8, 6, 23, 0, '4', '');
INSERT INTO config VALUES (1, '10m', '1-5,08:00-18:00', 7, 'blue-theme', 0, '', 389, '', '', '', '', 1, 1, 5, 200, 2000, '97AAB3', '7499FF', 'FFC859', 'FFA059', 'E97659', 'E45959', 'Not classified', 'Information', 'Warning', 'Average', 'High', 'Disaster', '15m', '5m', '660000', 'DC0000', '006600', '00AA00', 1, 1, 1, 1, 1, 10, 0, '365d', '1d', '1d', '1d', 1, '365d', 1, '365d', 1, '60d', 0, 0, '90d', 0, 0, '365d', 1, 1, 0, 0, '', 1, 0, 1);
INSERT INTO triggers VALUES (1, '{1}>{$ICMP_LOSS_WARN} and {1}<100', 'High ICMP ping loss', '', 0, 0, 2, 0, 'Last value: {ITEM.LASTVALUE1}.', '', NULL, 0, 0, 0, 0, '', 0, '', 0);
INSERT INTO triggers VALUES (2, '{2}>{$ICMP_RESPONSE_TIME_WARN}', 'High ICMP ping response time', '', 0, 0, 2, 0, 'Last value: {ITEM.LASTVALUE1}.', '', NULL, 0, 0, 0, 0, '', 0, '', 0);
INSERT INTO triggers VALUES (3, '{3}>0', 'Host name of zabbix_agentd was changed', '', 0, 0, 1, 0, '', '', NULL, 0, 0, 0, 0, '', 0, '', 0);
INSERT INTO triggers VALUES (4, '{4}>0', 'Host name of zabbix_agentd was changed', '', 0, 0, 1, 0, '', '', NULL, 0, 0, 0, 0, '', 0, '', 0);
INSERT INTO triggers VALUES (5, '{5}>75', 'More than 75% used in the configuration cache', '', 0, 0, 3, 0, 'Consider increasing CacheSize in the zabbix_server.conf configuration file', '', NULL, 0, 0, 0, 0, '', 0, '', 0);
INSERT INTO triggers VALUES (6, '{6}>75', 'More than 75% used in the configuration cache', '', 0, 0, 3, 0, 'Consider increasing CacheSize in the zabbix_server.conf configuration file', '', NULL, 0, 0, 0, 0, '', 0, '', 0);
INSERT INTO triggers VALUES (7, '{7}>75', 'More than 75% used in the history cache', '', 0, 0, 3, 0, '', '', NULL, 0, 0, 0, 0, '', 0, '', 0);
INSERT INTO triggers VALUES (8, '{8}>75', 'More than 75% used in the history cache', '', 0, 0, 3, 0, '', '', NULL, 0, 0, 0, 0, '', 0, '', 0);
INSERT INTO triggers VALUES (9, '{9}>75', 'More than 75% used in the history index cache', '', 0, 0, 3, 0, '', '', NULL, 0, 0, 0, 0, '', 0, '', 0);
INSERT INTO triggers VALUES (10, '{10}>75', 'More than 75% used in the history index cache', '', 0, 0, 3, 0, '', '', NULL, 0, 0, 0, 0, '', 0, '', 0);
INSERT INTO triggers VALUES (11, '{11}>75', 'More than 75% used in the trends cache', '', 0, 0, 3, 0, '', '', NULL, 0, 0, 0, 0, '', 0, '', 0);
INSERT INTO triggers VALUES (12, '{12}>75', 'More than 75% used in the vmware cache', '', 1, 0, 3, 0, '', '', NULL, 0, 0, 0, 0, '', 0, '', 0);
INSERT INTO triggers VALUES (13, '{13}>75', 'More than 75% used in the vmware cache', '', 1, 0, 3, 0, '', '', NULL, 0, 0, 0, 0, '', 0, '', 0);
INSERT INTO triggers VALUES (14, '{14}>95', 'More than 95% used in the value cache', '', 0, 0, 3, 0, '', '', NULL, 0, 0, 0, 0, '', 0, '', 0);
INSERT INTO triggers VALUES (15, '{15}>100', 'More than 100 items having missing data for more than 10 minutes', '', 0, 0, 2, 0, 'zabbix[queue,10m] item is collecting data about how many items are missing data for more than 10 minutes (next parameter)', '', NULL, 0, 0, 0, 0, '', 0, '', 0);
INSERT INTO triggers VALUES (16, '{16}>100', 'More than 100 items having missing data for more than 10 minutes', '', 0, 0, 2, 0, 'zabbix[queue,10m] item is collecting data about how many items are missing data for more than 10 minutes (next parameter)', '', NULL, 0, 0, 0, 0, '', 0, '', 0);
INSERT INTO triggers VALUES (17, '{17}=0', 'Unavailable by ICMP ping', '', 0, 0, 4, 0, 'Last value: {ITEM.LASTVALUE1}.
Last three attempts returned timeout.  Please check device connectivity.', '', NULL, 0, 0, 0, 0, '', 0, '', 0);
INSERT INTO triggers VALUES (18, '{18}>0', 'Version of zabbix_agent(d) was changed', '', 0, 0, 1, 0, '', '', NULL, 0, 0, 0, 0, '', 0, '', 0);
INSERT INTO triggers VALUES (19, '{19}>0', 'Version of zabbix_agent(d) was changed', '', 0, 0, 1, 0, '', '', NULL, 0, 0, 0, 0, '', 0, '', 0);
INSERT INTO triggers VALUES (20, '{20}=1', 'Zabbix agent is unreachable for 10 minutes', '', 0, 0, 3, 0, '', '', NULL, 0, 0, 0, 0, '', 0, '', 0);
INSERT INTO triggers VALUES (21, '{21}=1', 'Zabbix agent is unreachable for 10 minutes', '', 0, 0, 3, 0, '', '', NULL, 0, 0, 0, 0, '', 0, '', 0);
INSERT INTO triggers VALUES (22, '{22}>75', 'Zabbix alerter processes more than 75% busy', '', 0, 0, 3, 0, '', '', NULL, 0, 0, 0, 1, '{22}<65', 0, '', 0);
INSERT INTO triggers VALUES (23, '{23}>75', 'Zabbix alert manager processes more than 75% busy', '', 0, 0, 3, 0, '', '', NULL, 0, 0, 0, 1, '{23}<65', 0, '', 0);
INSERT INTO triggers VALUES (24, '{24}>75', 'Zabbix configuration syncer processes more than 75% busy', '', 0, 0, 3, 0, '', '', NULL, 0, 0, 0, 1, '{24}<65', 0, '', 0);
INSERT INTO triggers VALUES (25, '{25}>75', 'Zabbix configuration syncer processes more than 75% busy', '', 0, 0, 3, 0, '', '', NULL, 0, 0, 0, 1, '{25}<65', 0, '', 0);
INSERT INTO triggers VALUES (26, '{26}>75', 'Zabbix data sender processes more than 75% busy', '', 0, 0, 3, 0, '', '', NULL, 0, 0, 0, 1, '{26}<65', 0, '', 0);
INSERT INTO triggers VALUES (27, '{27}>75', 'Zabbix discoverer processes more than 75% busy', '', 0, 0, 3, 0, '', '', NULL, 0, 0, 0, 1, '{27}<65', 0, '', 0);
INSERT INTO triggers VALUES (28, '{28}>75', 'Zabbix discoverer processes more than 75% busy', '', 0, 0, 3, 0, '', '', NULL, 0, 0, 0, 1, '{28}<65', 0, '', 0);
INSERT INTO triggers VALUES (29, '{29}>75', 'Zabbix escalator processes more than 75% busy', '', 0, 0, 3, 0, '', '', NULL, 0, 0, 0, 1, '{29}<65', 0, '', 0);
INSERT INTO triggers VALUES (30, '{30}>75', 'Zabbix heartbeat sender processes more than 75% busy', '', 0, 0, 3, 0, '', '', NULL, 0, 0, 0, 1, '{30}<65', 0, '', 0);
INSERT INTO triggers VALUES (31, '{31}>75', 'Zabbix history syncer processes more than 75% busy', '', 0, 0, 3, 0, '', '', NULL, 0, 0, 0, 1, '{31}<65', 0, '', 0);
INSERT INTO triggers VALUES (32, '{32}>75', 'Zabbix history syncer processes more than 75% busy', '', 0, 0, 3, 0, '', '', NULL, 0, 0, 0, 1, '{32}<65', 0, '', 0);
INSERT INTO triggers VALUES (33, '{33}>75', 'Zabbix housekeeper processes more than 75% busy', '', 0, 0, 3, 0, '', '', NULL, 0, 0, 0, 1, '{33}<65', 0, '', 0);
INSERT INTO triggers VALUES (34, '{34}>75', 'Zabbix housekeeper processes more than 75% busy', '', 0, 0, 3, 0, '', '', NULL, 0, 0, 0, 1, '{34}<65', 0, '', 0);
INSERT INTO triggers VALUES (35, '{35}>75', 'Zabbix http poller processes more than 75% busy', '', 0, 0, 3, 0, '', '', NULL, 0, 0, 0, 1, '{35}<65', 0, '', 0);
INSERT INTO triggers VALUES (36, '{36}>75', 'Zabbix http poller processes more than 75% busy', '', 0, 0, 3, 0, '', '', NULL, 0, 0, 0, 1, '{36}<65', 0, '', 0);
INSERT INTO triggers VALUES (37, '{37}>75', 'Zabbix icmp pinger processes more than 75% busy', '', 0, 0, 3, 0, '', '', NULL, 0, 0, 0, 1, '{37}<65', 0, '', 0);
INSERT INTO triggers VALUES (38, '{38}>75', 'Zabbix icmp pinger processes more than 75% busy', '', 0, 0, 3, 0, '', '', NULL, 0, 0, 0, 1, '{38}<65', 0, '', 0);
INSERT INTO triggers VALUES (39, '{39}>75', 'Zabbix ipmi manager processes more than 75% busy', '', 1, 0, 3, 0, '', '', NULL, 0, 0, 0, 1, '{39}<65', 0, '', 0);
INSERT INTO triggers VALUES (40, '{40}>75', 'Zabbix ipmi manager processes more than 75% busy', '', 1, 0, 3, 0, '', '', NULL, 0, 0, 0, 1, '{40}<65', 0, '', 0);
INSERT INTO triggers VALUES (41, '{41}>75', 'Zabbix ipmi poller processes more than 75% busy', '', 1, 0, 3, 0, '', '', NULL, 0, 0, 0, 1, '{41}<65', 0, '', 0);
INSERT INTO triggers VALUES (42, '{42}>75', 'Zabbix ipmi poller processes more than 75% busy', '', 1, 0, 3, 0, '', '', NULL, 0, 0, 0, 1, '{42}<65', 0, '', 0);
INSERT INTO triggers VALUES (43, '{43}>75', 'Zabbix java poller processes more than 75% busy', '', 1, 0, 3, 0, '', '', NULL, 0, 0, 0, 1, '{43}<65', 0, '', 0);
INSERT INTO triggers VALUES (44, '{44}>75', 'Zabbix java poller processes more than 75% busy', '', 1, 0, 3, 0, '', '', NULL, 0, 0, 0, 1, '{44}<65', 0, '', 0);
INSERT INTO triggers VALUES (45, '{45}>75', 'Zabbix poller processes more than 75% busy', '', 0, 0, 3, 0, '', '', NULL, 0, 0, 0, 1, '{45}<65', 0, '', 0);
INSERT INTO triggers VALUES (46, '{46}>75', 'Zabbix poller processes more than 75% busy', '', 0, 0, 3, 0, '', '', NULL, 0, 0, 0, 1, '{46}<65', 0, '', 0);
INSERT INTO triggers VALUES (47, '{47}>75', 'Zabbix preprocessing manager processes more than 75% busy', '', 0, 0, 3, 0, '', '', NULL, 0, 0, 0, 1, '{47}<65', 0, '', 0);
INSERT INTO triggers VALUES (48, '{48}>75', 'Zabbix preprocessing worker processes more than 75% busy', '', 0, 0, 3, 0, '', '', NULL, 0, 0, 0, 1, '{48}<65', 0, '', 0);
INSERT INTO triggers VALUES (49, '{49}>75', 'Zabbix proxy poller processes more than 75% busy', '', 0, 0, 3, 0, '', '', NULL, 0, 0, 0, 1, '{49}<65', 0, '', 0);
INSERT INTO triggers VALUES (50, '{50}>75', 'Zabbix self-monitoring processes more than 75% busy', '', 0, 0, 3, 0, '', '', NULL, 0, 0, 0, 1, '{50}<65', 0, '', 0);
INSERT INTO triggers VALUES (51, '{51}>75', 'Zabbix self-monitoring processes more than 75% busy', '', 0, 0, 3, 0, '', '', NULL, 0, 0, 0, 1, '{51}<65', 0, '', 0);
INSERT INTO triggers VALUES (52, '{52}>75', 'Zabbix snmp trapper processes more than 75% busy', '', 1, 0, 3, 0, '', '', NULL, 0, 0, 0, 1, '{52}<65', 0, '', 0);
INSERT INTO triggers VALUES (53, '{53}>75', 'Zabbix snmp trapper processes more than 75% busy', '', 1, 0, 3, 0, '', '', NULL, 0, 0, 0, 1, '{53}<65', 0, '', 0);
INSERT INTO triggers VALUES (54, '{54}>75', 'Zabbix task manager processes more than 75% busy', '', 0, 0, 3, 0, '', '', NULL, 0, 0, 0, 1, '{54}<65', 0, '', 0);
INSERT INTO triggers VALUES (55, '{55}>75', 'Zabbix task manager processes more than 75% busy', '', 0, 0, 3, 0, '', '', NULL, 0, 0, 0, 1, '{55}<65', 0, '', 0);
INSERT INTO triggers VALUES (56, '{56}>75', 'Zabbix timer processes more than 75% busy', '', 0, 0, 3, 0, '', '', NULL, 0, 0, 0, 1, '{56}<65', 0, '', 0);
INSERT INTO triggers VALUES (57, '{57}>75', 'Zabbix trapper processes more than 75% busy', '', 0, 0, 3, 0, '', '', NULL, 0, 0, 0, 1, '{57}<65', 0, '', 0);
INSERT INTO triggers VALUES (58, '{58}>75', 'Zabbix trapper processes more than 75% busy', '', 0, 0, 3, 0, '', '', NULL, 0, 0, 0, 1, '{58}<65', 0, '', 0);
INSERT INTO triggers VALUES (59, '{59}>75', 'Zabbix unreachable poller processes more than 75% busy', '', 0, 0, 3, 0, '', '', NULL, 0, 0, 0, 1, '{59}<65', 0, '', 0);
INSERT INTO triggers VALUES (60, '{60}>75', 'Zabbix unreachable poller processes more than 75% busy', '', 0, 0, 3, 0, '', '', NULL, 0, 0, 0, 1, '{60}<65', 0, '', 0);
INSERT INTO triggers VALUES (61, '{61}=1', 'Zabbix value cache working in low memory mode', '', 0, 0, 4, 0, '', '', NULL, 0, 0, 0, 0, '', 0, '', 0);
INSERT INTO triggers VALUES (62, '{62}>75', 'Zabbix vmware collector processes more than 75% busy', '', 1, 0, 3, 0, '', '', NULL, 0, 0, 0, 1, '{62}<65', 0, '', 0);
INSERT INTO triggers VALUES (63, '{63}>75', 'Zabbix vmware collector processes more than 75% busy', '', 1, 0, 3, 0, '', '', NULL, 0, 0, 0, 1, '{63}<65', 0, '', 0);
INSERT INTO triggers VALUES (64, '{64}>0', 'Host name of zabbix_agentd was changed', '', 0, 0, 1, 0, '', '', 4, 0, 0, 0, 0, '', 0, '', 0);
INSERT INTO triggers VALUES (65, '{65}>0', 'Version of zabbix_agent(d) was changed', '', 0, 0, 1, 0, '', '', 19, 0, 0, 0, 0, '', 0, '', 0);
INSERT INTO triggers VALUES (66, '{66}=1', 'Zabbix agent is unreachable for 10 minutes', '', 0, 0, 3, 0, '', '', 21, 0, 0, 0, 0, '', 0, '', 0);
INSERT INTO triggers VALUES (67, '{67}>75', 'More than 75% used in the configuration cache', '', 0, 0, 3, 0, 'Consider increasing CacheSize in the zabbix_server.conf configuration file', '', 6, 0, 0, 0, 0, '', 0, '', 0);
INSERT INTO triggers VALUES (68, '{68}>75', 'More than 75% used in the history cache', '', 0, 0, 3, 0, '', '', 8, 0, 0, 0, 0, '', 0, '', 0);
INSERT INTO triggers VALUES (69, '{69}>75', 'More than 75% used in the history index cache', '', 0, 0, 3, 0, '', '', 10, 0, 0, 0, 0, '', 0, '', 0);
INSERT INTO triggers VALUES (70, '{70}>75', 'More than 75% used in the trends cache', '', 0, 0, 3, 0, '', '', 11, 0, 0, 0, 0, '', 0, '', 0);
INSERT INTO triggers VALUES (71, '{71}>75', 'More than 75% used in the vmware cache', '', 1, 0, 3, 0, '', '', 13, 0, 0, 0, 0, '', 0, '', 0);
INSERT INTO triggers VALUES (72, '{72}>95', 'More than 95% used in the value cache', '', 0, 0, 3, 0, '', '', 14, 0, 0, 0, 0, '', 0, '', 0);
INSERT INTO triggers VALUES (73, '{73}>100', 'More than 100 items having missing data for more than 10 minutes', '', 0, 0, 2, 0, 'zabbix[queue,10m] item is collecting data about how many items are missing data for more than 10 minutes (next parameter)', '', 16, 0, 0, 0, 0, '', 0, '', 0);
INSERT INTO triggers VALUES (74, '{74}>75', 'Zabbix alerter processes more than 75% busy', '', 0, 0, 3, 0, '', '', 22, 0, 0, 0, 1, '{74}<65', 0, '', 0);
INSERT INTO triggers VALUES (75, '{75}>75', 'Zabbix alert manager processes more than 75% busy', '', 0, 0, 3, 0, '', '', 23, 0, 0, 0, 1, '{75}<65', 0, '', 0);
INSERT INTO triggers VALUES (76, '{76}>75', 'Zabbix configuration syncer processes more than 75% busy', '', 0, 0, 3, 0, '', '', 25, 0, 0, 0, 1, '{76}<65', 0, '', 0);
INSERT INTO triggers VALUES (77, '{77}>75', 'Zabbix discoverer processes more than 75% busy', '', 0, 0, 3, 0, '', '', 28, 0, 0, 0, 1, '{77}<65', 0, '', 0);
INSERT INTO triggers VALUES (78, '{78}>75', 'Zabbix escalator processes more than 75% busy', '', 0, 0, 3, 0, '', '', 29, 0, 0, 0, 1, '{78}<65', 0, '', 0);
INSERT INTO triggers VALUES (79, '{79}>75', 'Zabbix history syncer processes more than 75% busy', '', 0, 0, 3, 0, '', '', 32, 0, 0, 0, 1, '{79}<65', 0, '', 0);
INSERT INTO triggers VALUES (80, '{80}>75', 'Zabbix housekeeper processes more than 75% busy', '', 0, 0, 3, 0, '', '', 34, 0, 0, 0, 1, '{80}<65', 0, '', 0);
INSERT INTO triggers VALUES (81, '{81}>75', 'Zabbix http poller processes more than 75% busy', '', 0, 0, 3, 0, '', '', 36, 0, 0, 0, 1, '{81}<65', 0, '', 0);
INSERT INTO triggers VALUES (82, '{82}>75', 'Zabbix icmp pinger processes more than 75% busy', '', 0, 0, 3, 0, '', '', 38, 0, 0, 0, 1, '{82}<65', 0, '', 0);
INSERT INTO triggers VALUES (83, '{83}>75', 'Zabbix ipmi manager processes more than 75% busy', '', 1, 0, 3, 0, '', '', 40, 0, 0, 0, 1, '{83}<65', 0, '', 0);
INSERT INTO triggers VALUES (84, '{84}>75', 'Zabbix ipmi poller processes more than 75% busy', '', 1, 0, 3, 0, '', '', 42, 0, 0, 0, 1, '{84}<65', 0, '', 0);
INSERT INTO triggers VALUES (85, '{85}>75', 'Zabbix java poller processes more than 75% busy', '', 1, 0, 3, 0, '', '', 44, 0, 0, 0, 1, '{85}<65', 0, '', 0);
INSERT INTO triggers VALUES (86, '{86}>75', 'Zabbix poller processes more than 75% busy', '', 0, 0, 3, 0, '', '', 46, 0, 0, 0, 1, '{86}<65', 0, '', 0);
INSERT INTO triggers VALUES (87, '{87}>75', 'Zabbix preprocessing manager processes more than 75% busy', '', 0, 0, 3, 0, '', '', 47, 0, 0, 0, 1, '{87}<65', 0, '', 0);
INSERT INTO triggers VALUES (88, '{88}>75', 'Zabbix preprocessing worker processes more than 75% busy', '', 0, 0, 3, 0, '', '', 48, 0, 0, 0, 1, '{88}<65', 0, '', 0);
INSERT INTO triggers VALUES (89, '{89}>75', 'Zabbix proxy poller processes more than 75% busy', '', 0, 0, 3, 0, '', '', 49, 0, 0, 0, 1, '{89}<65', 0, '', 0);
INSERT INTO triggers VALUES (90, '{90}>75', 'Zabbix self-monitoring processes more than 75% busy', '', 0, 0, 3, 0, '', '', 51, 0, 0, 0, 1, '{90}<65', 0, '', 0);
INSERT INTO triggers VALUES (91, '{91}>75', 'Zabbix snmp trapper processes more than 75% busy', '', 1, 0, 3, 0, '', '', 53, 0, 0, 0, 1, '{91}<65', 0, '', 0);
INSERT INTO triggers VALUES (92, '{92}>75', 'Zabbix task manager processes more than 75% busy', '', 0, 0, 3, 0, '', '', 55, 0, 0, 0, 1, '{92}<65', 0, '', 0);
INSERT INTO triggers VALUES (93, '{93}>75', 'Zabbix timer processes more than 75% busy', '', 0, 0, 3, 0, '', '', 56, 0, 0, 0, 1, '{93}<65', 0, '', 0);
INSERT INTO triggers VALUES (94, '{94}>75', 'Zabbix trapper processes more than 75% busy', '', 0, 0, 3, 0, '', '', 58, 0, 0, 0, 1, '{94}<65', 0, '', 0);
INSERT INTO triggers VALUES (95, '{95}>75', 'Zabbix unreachable poller processes more than 75% busy', '', 0, 0, 3, 0, '', '', 60, 0, 0, 0, 1, '{95}<65', 0, '', 0);
INSERT INTO triggers VALUES (96, '{96}=1', 'Zabbix value cache working in low memory mode', '', 0, 0, 4, 0, '', '', 61, 0, 0, 0, 0, '', 0, '', 0);
INSERT INTO triggers VALUES (97, '{97}>75', 'Zabbix vmware collector processes more than 75% busy', '', 1, 0, 3, 0, '', '', 63, 0, 0, 0, 1, '{97}<65', 0, '', 0);
INSERT INTO functions VALUES (1, 83, 1, 'min', '5m');
INSERT INTO functions VALUES (2, 82, 2, 'avg', '5m');
INSERT INTO functions VALUES (3, 3, 3, 'diff', '0');
INSERT INTO functions VALUES (4, 6, 4, 'diff', '0');
INSERT INTO functions VALUES (5, 10, 5, 'max', '10m');
INSERT INTO functions VALUES (6, 44, 6, 'max', '10m');
INSERT INTO functions VALUES (7, 9, 7, 'max', '10m');
INSERT INTO functions VALUES (8, 49, 8, 'max', '10m');
INSERT INTO functions VALUES (9, 14, 9, 'max', '10m');
INSERT INTO functions VALUES (10, 56, 10, 'max', '10m');
INSERT INTO functions VALUES (11, 57, 11, 'max', '10m');
INSERT INTO functions VALUES (12, 8, 12, 'max', '10m');
INSERT INTO functions VALUES (13, 48, 13, 'max', '10m');
INSERT INTO functions VALUES (14, 39, 14, 'max', '10m');
INSERT INTO functions VALUES (15, 13, 15, 'min', '10m');
INSERT INTO functions VALUES (16, 46, 16, 'min', '10m');
INSERT INTO functions VALUES (17, 84, 17, 'max', '#3');
INSERT INTO functions VALUES (18, 1, 18, 'diff', '0');
INSERT INTO functions VALUES (19, 4, 19, 'diff', '0');
INSERT INTO functions VALUES (20, 2, 20, 'nodata', '10m');
INSERT INTO functions VALUES (21, 5, 21, 'nodata', '10m');
INSERT INTO functions VALUES (22, 67, 22, 'avg', '10m');
INSERT INTO functions VALUES (23, 68, 23, 'avg', '10m');
INSERT INTO functions VALUES (24, 38, 24, 'avg', '10m');
INSERT INTO functions VALUES (25, 69, 25, 'avg', '10m');
INSERT INTO functions VALUES (26, 28, 26, 'avg', '10m');
INSERT INTO functions VALUES (27, 29, 27, 'avg', '10m');
INSERT INTO functions VALUES (28, 66, 28, 'avg', '10m');
INSERT INTO functions VALUES (29, 65, 29, 'avg', '10m');
INSERT INTO functions VALUES (30, 27, 30, 'avg', '10m');
INSERT INTO functions VALUES (31, 26, 31, 'avg', '10m');
INSERT INTO functions VALUES (32, 61, 32, 'avg', '10m');
INSERT INTO functions VALUES (33, 24, 33, 'avg', '30m');
INSERT INTO functions VALUES (34, 62, 34, 'avg', '30m');
INSERT INTO functions VALUES (35, 25, 35, 'avg', '10m');
INSERT INTO functions VALUES (36, 63, 36, 'avg', '10m');
INSERT INTO functions VALUES (37, 30, 37, 'avg', '10m');
INSERT INTO functions VALUES (38, 64, 38, 'avg', '10m');
INSERT INTO functions VALUES (39, 31, 39, 'avg', '10m');
INSERT INTO functions VALUES (40, 70, 40, 'avg', '10m');
INSERT INTO functions VALUES (41, 36, 41, 'avg', '10m');
INSERT INTO functions VALUES (42, 71, 42, 'avg', '10m');
INSERT INTO functions VALUES (43, 37, 43, 'avg', '10m');
INSERT INTO functions VALUES (44, 78, 44, 'avg', '10m');
INSERT INTO functions VALUES (45, 35, 45, 'avg', '10m');
INSERT INTO functions VALUES (46, 79, 46, 'avg', '10m');
INSERT INTO functions VALUES (47, 80, 47, 'avg', '10m');
INSERT INTO functions VALUES (48, 77, 48, 'avg', '10m');
INSERT INTO functions VALUES (49, 76, 49, 'avg', '10m');
INSERT INTO functions VALUES (50, 34, 50, 'avg', '10m');
INSERT INTO functions VALUES (51, 72, 51, 'min', '10m');
INSERT INTO functions VALUES (52, 32, 52, 'avg', '10m');
INSERT INTO functions VALUES (53, 73, 53, 'avg', '10m');
INSERT INTO functions VALUES (54, 33, 54, 'avg', '10m');
INSERT INTO functions VALUES (55, 74, 55, 'avg', '10m');
INSERT INTO functions VALUES (56, 75, 56, 'avg', '10m');
INSERT INTO functions VALUES (57, 23, 57, 'avg', '10m');
INSERT INTO functions VALUES (58, 60, 58, 'avg', '10m');
INSERT INTO functions VALUES (59, 22, 59, 'avg', '10m');
INSERT INTO functions VALUES (60, 59, 60, 'avg', '10m');
INSERT INTO functions VALUES (61, 42, 61, 'last', '');
INSERT INTO functions VALUES (62, 12, 62, 'avg', '10m');
INSERT INTO functions VALUES (63, 45, 63, 'avg', '10m');
INSERT INTO functions VALUES (64, 85, 64, 'diff', '0');
INSERT INTO functions VALUES (65, 87, 65, 'diff', '0');
INSERT INTO functions VALUES (66, 86, 66, 'nodata', '10m');
INSERT INTO functions VALUES (67, 114, 67, 'max', '10m');
INSERT INTO functions VALUES (68, 121, 68, 'max', '10m');
INSERT INTO functions VALUES (69, 122, 69, 'max', '10m');
INSERT INTO functions VALUES (70, 123, 70, 'max', '10m');
INSERT INTO functions VALUES (71, 120, 71, 'max', '10m');
INSERT INTO functions VALUES (72, 116, 72, 'max', '10m');
INSERT INTO functions VALUES (73, 112, 73, 'min', '10m');
INSERT INTO functions VALUES (74, 90, 74, 'avg', '10m');
INSERT INTO functions VALUES (75, 89, 75, 'avg', '10m');
INSERT INTO functions VALUES (76, 91, 76, 'avg', '10m');
INSERT INTO functions VALUES (77, 92, 77, 'avg', '10m');
INSERT INTO functions VALUES (78, 93, 78, 'avg', '10m');
INSERT INTO functions VALUES (79, 94, 79, 'avg', '10m');
INSERT INTO functions VALUES (80, 95, 80, 'avg', '30m');
INSERT INTO functions VALUES (81, 96, 81, 'avg', '10m');
INSERT INTO functions VALUES (82, 97, 82, 'avg', '10m');
INSERT INTO functions VALUES (83, 98, 83, 'avg', '10m');
INSERT INTO functions VALUES (84, 99, 84, 'avg', '10m');
INSERT INTO functions VALUES (85, 100, 85, 'avg', '10m');
INSERT INTO functions VALUES (86, 101, 86, 'avg', '10m');
INSERT INTO functions VALUES (87, 102, 87, 'avg', '10m');
INSERT INTO functions VALUES (88, 103, 88, 'avg', '10m');
INSERT INTO functions VALUES (89, 104, 89, 'avg', '10m');
INSERT INTO functions VALUES (90, 105, 90, 'min', '10m');
INSERT INTO functions VALUES (91, 106, 91, 'avg', '10m');
INSERT INTO functions VALUES (92, 107, 92, 'avg', '10m');
INSERT INTO functions VALUES (93, 108, 93, 'avg', '10m');
INSERT INTO functions VALUES (94, 109, 94, 'avg', '10m');
INSERT INTO functions VALUES (95, 110, 95, 'avg', '10m');
INSERT INTO functions VALUES (96, 119, 96, 'last', '');
INSERT INTO functions VALUES (97, 111, 97, 'avg', '10m');
INSERT INTO trigger_depends VALUES (1, 1, 17);
INSERT INTO trigger_depends VALUES (2, 2, 1);
INSERT INTO trigger_depends VALUES (3, 2, 17);
INSERT INTO graphs VALUES (1, 'Value cache effectiveness', 900, 200, 0.0000, 100.0000, NULL, 1, 1, 1, 1, 0, 0.0000, 0.0000, 0, 0, NULL, NULL, 0);
INSERT INTO graphs VALUES (2, 'Zabbix cache usage, % free', 900, 200, 0.0000, 100.0000, NULL, 1, 1, 0, 1, 0, 0.0000, 0.0000, 1, 1, NULL, NULL, 0);
INSERT INTO graphs VALUES (3, 'Zabbix cache usage, % free', 900, 200, 0.0000, 100.0000, NULL, 1, 1, 0, 1, 0, 0.0000, 0.0000, 1, 1, NULL, NULL, 0);
INSERT INTO graphs VALUES (4, 'Zabbix data gathering process busy %', 900, 200, 0.0000, 100.0000, NULL, 1, 1, 0, 1, 0, 0.0000, 0.0000, 1, 1, NULL, NULL, 0);
INSERT INTO graphs VALUES (5, 'Zabbix data gathering process busy %', 900, 200, 0.0000, 100.0000, NULL, 1, 1, 0, 1, 0, 0.0000, 0.0000, 1, 1, NULL, NULL, 0);
INSERT INTO graphs VALUES (6, 'Zabbix internal process busy %', 900, 200, 0.0000, 100.0000, NULL, 1, 1, 0, 1, 0, 0.0000, 0.0000, 1, 1, NULL, NULL, 0);
INSERT INTO graphs VALUES (7, 'Zabbix internal process busy %', 900, 200, 0.0000, 100.0000, NULL, 1, 1, 0, 1, 0, 0.0000, 0.0000, 1, 1, NULL, NULL, 0);
INSERT INTO graphs VALUES (8, 'Zabbix preprocessing queue', 900, 200, 0.0000, 100.0000, NULL, 1, 1, 0, 1, 0, 0.0000, 0.0000, 0, 0, NULL, NULL, 0);
INSERT INTO graphs VALUES (9, 'Zabbix proxy performance', 900, 200, 0.0000, 100.0000, NULL, 1, 1, 0, 1, 0, 0.0000, 0.0000, 0, 0, NULL, NULL, 0);
INSERT INTO graphs VALUES (10, 'Zabbix server performance', 900, 200, 0.0000, 100.0000, NULL, 1, 1, 0, 1, 0, 0.0000, 0.0000, 0, 0, NULL, NULL, 0);
INSERT INTO graphs VALUES (11, 'Value cache effectiveness', 900, 200, 0.0000, 100.0000, 1, 1, 1, 1, 1, 0, 0.0000, 0.0000, 0, 0, NULL, NULL, 0);
INSERT INTO graphs VALUES (12, 'Zabbix cache usage, % free', 900, 200, 0.0000, 100.0000, 2, 1, 1, 0, 1, 0, 0.0000, 0.0000, 1, 1, NULL, NULL, 0);
INSERT INTO graphs VALUES (13, 'Zabbix data gathering process busy %', 900, 200, 0.0000, 100.0000, 4, 1, 1, 0, 1, 0, 0.0000, 0.0000, 1, 1, NULL, NULL, 0);
INSERT INTO graphs VALUES (14, 'Zabbix internal process busy %', 900, 200, 0.0000, 100.0000, 6, 1, 1, 0, 1, 0, 0.0000, 0.0000, 1, 1, NULL, NULL, 0);
INSERT INTO graphs VALUES (15, 'Zabbix preprocessing queue', 900, 200, 0.0000, 100.0000, 8, 1, 1, 0, 1, 0, 0.0000, 0.0000, 0, 0, NULL, NULL, 0);
INSERT INTO graphs VALUES (16, 'Zabbix server performance', 900, 200, 0.0000, 100.0000, 10, 1, 1, 0, 1, 0, 0.0000, 0.0000, 0, 0, NULL, NULL, 0);
INSERT INTO graphs_items VALUES (1, 1, 41, 0, 0, 'C80000', 0, 2, 0);
INSERT INTO graphs_items VALUES (2, 1, 40, 0, 1, '00C800', 0, 2, 0);
INSERT INTO graphs_items VALUES (3, 2, 57, 0, 0, '009900', 0, 2, 0);
INSERT INTO graphs_items VALUES (4, 2, 44, 0, 1, 'DD0000', 0, 2, 0);
INSERT INTO graphs_items VALUES (5, 2, 56, 0, 2, '00DDDD', 0, 2, 0);
INSERT INTO graphs_items VALUES (6, 2, 49, 0, 3, '3333FF', 0, 2, 0);
INSERT INTO graphs_items VALUES (7, 2, 39, 0, 4, '999900', 0, 2, 0);
INSERT INTO graphs_items VALUES (8, 2, 48, 0, 5, '00FF00', 0, 2, 0);
INSERT INTO graphs_items VALUES (9, 3, 10, 0, 0, 'DD0000', 0, 2, 0);
INSERT INTO graphs_items VALUES (10, 3, 14, 0, 1, '00DDDD', 0, 2, 0);
INSERT INTO graphs_items VALUES (11, 3, 9, 0, 2, '3333FF', 0, 2, 0);
INSERT INTO graphs_items VALUES (12, 3, 8, 0, 3, '00FF00', 0, 2, 0);
INSERT INTO graphs_items VALUES (13, 4, 60, 0, 0, '990099', 0, 2, 0);
INSERT INTO graphs_items VALUES (14, 4, 79, 0, 1, '990000', 0, 2, 0);
INSERT INTO graphs_items VALUES (15, 4, 71, 0, 2, '0000EE', 0, 2, 0);
INSERT INTO graphs_items VALUES (16, 4, 66, 0, 3, 'FF33FF', 0, 2, 0);
INSERT INTO graphs_items VALUES (17, 4, 64, 0, 4, '009600', 0, 2, 0);
INSERT INTO graphs_items VALUES (18, 4, 63, 0, 5, '003300', 0, 2, 0);
INSERT INTO graphs_items VALUES (19, 4, 76, 0, 6, 'CCCC00', 0, 2, 0);
INSERT INTO graphs_items VALUES (20, 4, 59, 0, 7, '33FFFF', 0, 2, 0);
INSERT INTO graphs_items VALUES (21, 4, 78, 0, 8, 'DD0000', 0, 2, 0);
INSERT INTO graphs_items VALUES (22, 4, 73, 0, 9, '000099', 0, 2, 0);
INSERT INTO graphs_items VALUES (23, 4, 45, 0, 10, '00FF00', 0, 2, 0);
INSERT INTO graphs_items VALUES (24, 5, 23, 0, 0, '990099', 0, 2, 0);
INSERT INTO graphs_items VALUES (25, 5, 35, 0, 1, '990000', 0, 2, 0);
INSERT INTO graphs_items VALUES (26, 5, 36, 0, 2, '0000EE', 0, 2, 0);
INSERT INTO graphs_items VALUES (27, 5, 29, 0, 3, 'FF33FF', 0, 2, 0);
INSERT INTO graphs_items VALUES (28, 5, 30, 0, 4, '007700', 0, 2, 0);
INSERT INTO graphs_items VALUES (29, 5, 25, 0, 5, '003300', 0, 2, 0);
INSERT INTO graphs_items VALUES (30, 5, 22, 0, 6, '33FFFF', 0, 2, 0);
INSERT INTO graphs_items VALUES (31, 5, 37, 0, 7, 'DD0000', 0, 2, 0);
INSERT INTO graphs_items VALUES (32, 5, 32, 0, 8, '000099', 0, 7, 0);
INSERT INTO graphs_items VALUES (33, 5, 12, 0, 9, '00FF00', 0, 2, 0);
INSERT INTO graphs_items VALUES (34, 6, 75, 0, 0, '00EE00', 0, 2, 0);
INSERT INTO graphs_items VALUES (35, 6, 65, 0, 1, '0000EE', 0, 2, 0);
INSERT INTO graphs_items VALUES (36, 6, 62, 0, 2, 'FFAA00', 0, 2, 0);
INSERT INTO graphs_items VALUES (37, 6, 67, 0, 3, '00EEEE', 0, 2, 0);
INSERT INTO graphs_items VALUES (38, 6, 69, 0, 4, '990099', 0, 2, 0);
INSERT INTO graphs_items VALUES (39, 6, 61, 0, 5, 'EE0000', 0, 2, 0);
INSERT INTO graphs_items VALUES (40, 6, 72, 0, 6, 'FF66FF', 0, 2, 0);
INSERT INTO graphs_items VALUES (41, 6, 74, 0, 7, '009999', 0, 2, 0);
INSERT INTO graphs_items VALUES (42, 6, 70, 0, 8, 'BBBB00', 0, 2, 0);
INSERT INTO graphs_items VALUES (43, 6, 68, 0, 9, 'AA0000', 0, 2, 0);
INSERT INTO graphs_items VALUES (44, 6, 80, 0, 10, '990000', 0, 2, 0);
INSERT INTO graphs_items VALUES (45, 6, 77, 0, 11, '008800', 0, 2, 0);
INSERT INTO graphs_items VALUES (46, 7, 24, 0, 0, 'FFAA00', 0, 2, 0);
INSERT INTO graphs_items VALUES (47, 7, 38, 0, 1, '990099', 0, 2, 0);
INSERT INTO graphs_items VALUES (48, 7, 26, 0, 2, 'EE0000', 0, 2, 0);
INSERT INTO graphs_items VALUES (49, 7, 34, 0, 3, 'FF66FF', 0, 2, 0);
INSERT INTO graphs_items VALUES (50, 7, 27, 0, 4, '960000', 0, 2, 0);
INSERT INTO graphs_items VALUES (51, 7, 28, 0, 5, '007700', 0, 2, 0);
INSERT INTO graphs_items VALUES (52, 7, 31, 0, 6, 'BBBB00', 0, 2, 0);
INSERT INTO graphs_items VALUES (53, 7, 33, 0, 6, '009999', 0, 2, 0);
INSERT INTO graphs_items VALUES (54, 8, 81, 5, 0, '1A7C11', 0, 2, 0);
INSERT INTO graphs_items VALUES (55, 9, 17, 5, 0, '00C800', 0, 2, 0);
INSERT INTO graphs_items VALUES (56, 9, 11, 5, 1, 'C80000', 1, 2, 0);
INSERT INTO graphs_items VALUES (57, 10, 53, 5, 0, '00C800', 0, 2, 0);
INSERT INTO graphs_items VALUES (58, 10, 47, 5, 1, 'C80000', 1, 2, 0);
INSERT INTO graphs_items VALUES (59, 11, 118, 0, 0, 'C80000', 0, 2, 0);
INSERT INTO graphs_items VALUES (60, 11, 117, 0, 1, '00C800', 0, 2, 0);
INSERT INTO graphs_items VALUES (61, 12, 123, 0, 0, '009900', 0, 2, 0);
INSERT INTO graphs_items VALUES (62, 12, 114, 0, 1, 'DD0000', 0, 2, 0);
INSERT INTO graphs_items VALUES (63, 12, 122, 0, 2, '00DDDD', 0, 2, 0);
INSERT INTO graphs_items VALUES (64, 12, 121, 0, 3, '3333FF', 0, 2, 0);
INSERT INTO graphs_items VALUES (65, 12, 116, 0, 4, '999900', 0, 2, 0);
INSERT INTO graphs_items VALUES (66, 12, 120, 0, 5, '00FF00', 0, 2, 0);
INSERT INTO graphs_items VALUES (67, 13, 109, 0, 0, '990099', 0, 2, 0);
INSERT INTO graphs_items VALUES (68, 13, 101, 0, 1, '990000', 0, 2, 0);
INSERT INTO graphs_items VALUES (69, 13, 99, 0, 2, '0000EE', 0, 2, 0);
INSERT INTO graphs_items VALUES (70, 13, 92, 0, 3, 'FF33FF', 0, 2, 0);
INSERT INTO graphs_items VALUES (71, 13, 97, 0, 4, '009600', 0, 2, 0);
INSERT INTO graphs_items VALUES (72, 13, 96, 0, 5, '003300', 0, 2, 0);
INSERT INTO graphs_items VALUES (73, 13, 104, 0, 6, 'CCCC00', 0, 2, 0);
INSERT INTO graphs_items VALUES (74, 13, 110, 0, 7, '33FFFF', 0, 2, 0);
INSERT INTO graphs_items VALUES (75, 13, 100, 0, 8, 'DD0000', 0, 2, 0);
INSERT INTO graphs_items VALUES (76, 13, 106, 0, 9, '000099', 0, 2, 0);
INSERT INTO graphs_items VALUES (77, 13, 111, 0, 10, '00FF00', 0, 2, 0);
INSERT INTO graphs_items VALUES (78, 14, 108, 0, 0, '00EE00', 0, 2, 0);
INSERT INTO graphs_items VALUES (79, 14, 93, 0, 1, '0000EE', 0, 2, 0);
INSERT INTO graphs_items VALUES (80, 14, 95, 0, 2, 'FFAA00', 0, 2, 0);
INSERT INTO graphs_items VALUES (81, 14, 90, 0, 3, '00EEEE', 0, 2, 0);
INSERT INTO graphs_items VALUES (82, 14, 91, 0, 4, '990099', 0, 2, 0);
INSERT INTO graphs_items VALUES (83, 14, 94, 0, 5, 'EE0000', 0, 2, 0);
INSERT INTO graphs_items VALUES (84, 14, 105, 0, 6, 'FF66FF', 0, 2, 0);
INSERT INTO graphs_items VALUES (85, 14, 107, 0, 7, '009999', 0, 2, 0);
INSERT INTO graphs_items VALUES (86, 14, 98, 0, 8, 'BBBB00', 0, 2, 0);
INSERT INTO graphs_items VALUES (87, 14, 89, 0, 9, 'AA0000', 0, 2, 0);
INSERT INTO graphs_items VALUES (88, 14, 102, 0, 10, '990000', 0, 2, 0);
INSERT INTO graphs_items VALUES (89, 14, 103, 0, 11, '008800', 0, 2, 0);
INSERT INTO graphs_items VALUES (90, 15, 88, 5, 0, '1A7C11', 0, 2, 0);
INSERT INTO graphs_items VALUES (91, 16, 130, 5, 0, '00C800', 0, 2, 0);
INSERT INTO graphs_items VALUES (92, 16, 113, 5, 1, 'C80000', 1, 2, 0);
INSERT INTO graph_theme VALUES (1, 'blue-theme', 'FFFFFF', 'FFFFFF', 'CCD5D9', 'ACBBC2', 'ACBBC2', '1F2C33', 'E33734', '429E47', 'E33734', 'EBEBEB', '1A7C11,F63100,2774A4,A54F10,FC6EA3,6C59DC,AC8C14,611F27,F230E0,5CCD18,BB2A02,5A2B57,89ABF8,7EC25C,274482,2B5429,8048B4,FD5434,790E1F,87AC4D,E89DF4');
INSERT INTO graph_theme VALUES (2, 'dark-theme', '2B2B2B', '2B2B2B', '454545', '4F4F4F', '4F4F4F', 'F2F2F2', 'E45959', '59DB8F', 'E45959', '333333', '199C0D,F63100,2774A4,F7941D,FC6EA3,6C59DC,C7A72D,BA2A5D,F230E0,5CCD18,BB2A02,AC41A5,89ABF8,7EC25C,3165D5,79A277,AA73DE,FD5434,F21C3E,87AC4D,E89DF4');
INSERT INTO graph_theme VALUES (3, 'hc-light', 'FFFFFF', 'FFFFFF', '555555', '000000', '333333', '000000', '333333', '000000', '000000', 'EBEBEB', '1A7C11,F63100,2774A4,A54F10,FC6EA3,6C59DC,AC8C14,611F27,F230E0,5CCD18,BB2A02,5A2B57,89ABF8,7EC25C,274482,2B5429,8048B4,FD5434,790E1F,87AC4D,E89DF4');
INSERT INTO graph_theme VALUES (4, 'hc-dark', '000000', '000000', '666666', '888888', '4F4F4F', 'FFFFFF', 'FFFFFF', 'FFFFFF', 'FFFFFF', '333333', '199C0D,F63100,2774A4,F7941D,FC6EA3,6C59DC,C7A72D,BA2A5D,F230E0,5CCD18,BB2A02,AC41A5,89ABF8,7EC25C,3165D5,79A277,AA73DE,FD5434,F21C3E,87AC4D,E89DF4');
INSERT INTO globalmacro VALUES (1, '{$SNMP_COMMUNITY}', 'public');
INSERT INTO hosts_groups VALUES (92, 10084, 4);
INSERT INTO hosts_groups VALUES (93, 10085, 15);
INSERT INTO hosts_groups VALUES (94, 10085, 16);
INSERT INTO hosts_groups VALUES (95, 10086, 12);
INSERT INTO hosts_groups VALUES (96, 10087, 12);
INSERT INTO hosts_groups VALUES (97, 10088, 12);
INSERT INTO hosts_groups VALUES (98, 10089, 12);
INSERT INTO hosts_groups VALUES (99, 10090, 8);
INSERT INTO hosts_templates VALUES (1, 10084, 10087);
INSERT INTO hosts_templates VALUES (2, 10084, 10089);
INSERT INTO hostmacro VALUES (1, 10090, '{$ICMP_LOSS_WARN}', '20');
INSERT INTO hostmacro VALUES (2, 10090, '{$ICMP_RESPONSE_TIME_WARN}', '0.15');
INSERT INTO items_applications VALUES (1, 1, 1);
INSERT INTO items_applications VALUES (2, 1, 2);
INSERT INTO items_applications VALUES (3, 1, 3);
INSERT INTO items_applications VALUES (4, 2, 4);
INSERT INTO items_applications VALUES (5, 2, 5);
INSERT INTO items_applications VALUES (6, 2, 6);
INSERT INTO items_applications VALUES (7, 3, 7);
INSERT INTO items_applications VALUES (8, 3, 8);
INSERT INTO items_applications VALUES (9, 3, 9);
INSERT INTO items_applications VALUES (10, 3, 10);
INSERT INTO items_applications VALUES (11, 3, 11);
INSERT INTO items_applications VALUES (12, 3, 12);
INSERT INTO items_applications VALUES (13, 3, 13);
INSERT INTO items_applications VALUES (14, 3, 14);
INSERT INTO items_applications VALUES (15, 3, 15);
INSERT INTO items_applications VALUES (16, 3, 16);
INSERT INTO items_applications VALUES (17, 3, 17);
INSERT INTO items_applications VALUES (18, 3, 18);
INSERT INTO items_applications VALUES (19, 3, 19);
INSERT INTO items_applications VALUES (20, 3, 20);
INSERT INTO items_applications VALUES (21, 3, 21);
INSERT INTO items_applications VALUES (22, 3, 22);
INSERT INTO items_applications VALUES (23, 3, 23);
INSERT INTO items_applications VALUES (24, 3, 24);
INSERT INTO items_applications VALUES (25, 3, 25);
INSERT INTO items_applications VALUES (26, 3, 26);
INSERT INTO items_applications VALUES (27, 3, 27);
INSERT INTO items_applications VALUES (28, 3, 28);
INSERT INTO items_applications VALUES (29, 3, 29);
INSERT INTO items_applications VALUES (30, 3, 30);
INSERT INTO items_applications VALUES (31, 3, 31);
INSERT INTO items_applications VALUES (32, 3, 32);
INSERT INTO items_applications VALUES (33, 3, 33);
INSERT INTO items_applications VALUES (34, 3, 34);
INSERT INTO items_applications VALUES (35, 3, 35);
INSERT INTO items_applications VALUES (36, 3, 36);
INSERT INTO items_applications VALUES (37, 3, 37);
INSERT INTO items_applications VALUES (38, 3, 38);
INSERT INTO items_applications VALUES (39, 4, 39);
INSERT INTO items_applications VALUES (40, 4, 40);
INSERT INTO items_applications VALUES (41, 4, 41);
INSERT INTO items_applications VALUES (42, 4, 42);
INSERT INTO items_applications VALUES (43, 4, 43);
INSERT INTO items_applications VALUES (44, 4, 44);
INSERT INTO items_applications VALUES (45, 4, 45);
INSERT INTO items_applications VALUES (46, 4, 46);
INSERT INTO items_applications VALUES (47, 4, 47);
INSERT INTO items_applications VALUES (48, 4, 48);
INSERT INTO items_applications VALUES (49, 4, 49);
INSERT INTO items_applications VALUES (50, 4, 50);
INSERT INTO items_applications VALUES (51, 4, 51);
INSERT INTO items_applications VALUES (52, 4, 52);
INSERT INTO items_applications VALUES (53, 4, 53);
INSERT INTO items_applications VALUES (54, 4, 54);
INSERT INTO items_applications VALUES (55, 4, 55);
INSERT INTO items_applications VALUES (56, 4, 56);
INSERT INTO items_applications VALUES (57, 4, 57);
INSERT INTO items_applications VALUES (58, 4, 58);
INSERT INTO items_applications VALUES (59, 4, 59);
INSERT INTO items_applications VALUES (60, 4, 60);
INSERT INTO items_applications VALUES (61, 4, 61);
INSERT INTO items_applications VALUES (62, 4, 62);
INSERT INTO items_applications VALUES (63, 4, 63);
INSERT INTO items_applications VALUES (64, 4, 64);
INSERT INTO items_applications VALUES (65, 4, 65);
INSERT INTO items_applications VALUES (66, 4, 66);
INSERT INTO items_applications VALUES (67, 4, 67);
INSERT INTO items_applications VALUES (68, 4, 68);
INSERT INTO items_applications VALUES (69, 4, 69);
INSERT INTO items_applications VALUES (70, 4, 70);
INSERT INTO items_applications VALUES (71, 4, 71);
INSERT INTO items_applications VALUES (72, 4, 72);
INSERT INTO items_applications VALUES (73, 4, 73);
INSERT INTO items_applications VALUES (74, 4, 74);
INSERT INTO items_applications VALUES (75, 4, 75);
INSERT INTO items_applications VALUES (76, 4, 76);
INSERT INTO items_applications VALUES (77, 4, 77);
INSERT INTO items_applications VALUES (78, 4, 78);
INSERT INTO items_applications VALUES (79, 4, 79);
INSERT INTO items_applications VALUES (80, 4, 80);
INSERT INTO items_applications VALUES (81, 4, 81);
INSERT INTO items_applications VALUES (82, 5, 82);
INSERT INTO items_applications VALUES (83, 5, 83);
INSERT INTO items_applications VALUES (84, 5, 84);
INSERT INTO items_applications VALUES (85, 6, 85);
INSERT INTO items_applications VALUES (86, 6, 86);
INSERT INTO items_applications VALUES (87, 6, 87);
INSERT INTO items_applications VALUES (88, 7, 88);
INSERT INTO items_applications VALUES (89, 7, 89);
INSERT INTO items_applications VALUES (90, 7, 90);
INSERT INTO items_applications VALUES (91, 7, 91);
INSERT INTO items_applications VALUES (92, 7, 92);
INSERT INTO items_applications VALUES (93, 7, 93);
INSERT INTO items_applications VALUES (94, 7, 94);
INSERT INTO items_applications VALUES (95, 7, 95);
INSERT INTO items_applications VALUES (96, 7, 96);
INSERT INTO items_applications VALUES (97, 7, 97);
INSERT INTO items_applications VALUES (98, 7, 98);
INSERT INTO items_applications VALUES (99, 7, 99);
INSERT INTO items_applications VALUES (100, 7, 100);
INSERT INTO items_applications VALUES (101, 7, 101);
INSERT INTO items_applications VALUES (102, 7, 102);
INSERT INTO items_applications VALUES (103, 7, 103);
INSERT INTO items_applications VALUES (104, 7, 104);
INSERT INTO items_applications VALUES (105, 7, 105);
INSERT INTO items_applications VALUES (106, 7, 106);
INSERT INTO items_applications VALUES (107, 7, 107);
INSERT INTO items_applications VALUES (108, 7, 108);
INSERT INTO items_applications VALUES (109, 7, 109);
INSERT INTO items_applications VALUES (110, 7, 110);
INSERT INTO items_applications VALUES (111, 7, 111);
INSERT INTO items_applications VALUES (112, 7, 112);
INSERT INTO items_applications VALUES (113, 7, 113);
INSERT INTO items_applications VALUES (114, 7, 114);
INSERT INTO items_applications VALUES (115, 7, 115);
INSERT INTO items_applications VALUES (116, 7, 116);
INSERT INTO items_applications VALUES (117, 7, 117);
INSERT INTO items_applications VALUES (118, 7, 118);
INSERT INTO items_applications VALUES (119, 7, 119);
INSERT INTO items_applications VALUES (120, 7, 120);
INSERT INTO items_applications VALUES (121, 7, 121);
INSERT INTO items_applications VALUES (122, 7, 122);
INSERT INTO items_applications VALUES (123, 7, 123);
INSERT INTO items_applications VALUES (124, 7, 124);
INSERT INTO items_applications VALUES (125, 7, 125);
INSERT INTO items_applications VALUES (126, 7, 126);
INSERT INTO items_applications VALUES (127, 7, 127);
INSERT INTO items_applications VALUES (128, 7, 128);
INSERT INTO items_applications VALUES (129, 7, 129);
INSERT INTO items_applications VALUES (130, 7, 130);
INSERT INTO mappings VALUES (1, 1, '0', 'Down');
INSERT INTO mappings VALUES (2, 1, '1', 'Up');
INSERT INTO mappings VALUES (3, 2, '0', 'not available');
INSERT INTO mappings VALUES (4, 2, '1', 'available');
INSERT INTO mappings VALUES (5, 2, '2', 'unknown');
INSERT INTO mappings VALUES (33, 3, '0', 'Running');
INSERT INTO mappings VALUES (34, 3, '1', 'Paused');
INSERT INTO mappings VALUES (35, 3, '3', 'Pause pending');
INSERT INTO mappings VALUES (36, 3, '4', 'Continue pending');
INSERT INTO mappings VALUES (37, 3, '5', 'Stop pending');
INSERT INTO mappings VALUES (38, 3, '6', 'Stopped');
INSERT INTO mappings VALUES (39, 3, '7', 'Unknown');
INSERT INTO mappings VALUES (40, 3, '255', 'No such service');
INSERT INTO mappings VALUES (41, 3, '2', 'Start pending');
INSERT INTO mappings VALUES (61, 8, '1', 'up');
INSERT INTO mappings VALUES (62, 8, '2', 'down');
INSERT INTO mappings VALUES (63, 8, '3', 'testing');
INSERT INTO mappings VALUES (64, 8, '4', 'unknown');
INSERT INTO mappings VALUES (65, 8, '5', 'dormant');
INSERT INTO mappings VALUES (66, 8, '6', 'notPresent');
INSERT INTO mappings VALUES (67, 8, '7', 'lowerLayerDown');
INSERT INTO mappings VALUES (68, 10, '1', 'Up');
INSERT INTO mappings VALUES (69, 11, '1', 'up');
INSERT INTO mappings VALUES (70, 11, '2', 'down');
INSERT INTO mappings VALUES (71, 11, '3', 'testing');
INSERT INTO mappings VALUES (72, 12, '0', 'poweredOff');
INSERT INTO mappings VALUES (73, 12, '1', 'poweredOn');
INSERT INTO mappings VALUES (74, 12, '2', 'suspended');
INSERT INTO mappings VALUES (75, 13, '0', 'gray');
INSERT INTO mappings VALUES (76, 13, '1', 'green');
INSERT INTO mappings VALUES (77, 13, '2', 'yellow');
INSERT INTO mappings VALUES (78, 13, '3', 'red');
INSERT INTO mappings VALUES (79, 14, '0', 'normal');
INSERT INTO mappings VALUES (80, 14, '1', 'in maintenance');
INSERT INTO mappings VALUES (81, 14, '2', 'no data collection');
INSERT INTO mappings VALUES (82, 15, '0', 'Normal');
INSERT INTO mappings VALUES (83, 15, '1', 'Low memory');
INSERT INTO mappings VALUES (84, 16, '0', 'Automatic');
INSERT INTO mappings VALUES (85, 16, '1', 'Automatic delayed');
INSERT INTO mappings VALUES (86, 16, '2', 'Manual');
INSERT INTO mappings VALUES (87, 16, '3', 'Disabled');
INSERT INTO mappings VALUES (88, 16, '4', 'Unknown');
INSERT INTO mappings VALUES (89, 17, '100', 'Continue');
INSERT INTO mappings VALUES (90, 17, '101', 'Switching Protocols');
INSERT INTO mappings VALUES (91, 17, '102', 'Processing');
INSERT INTO mappings VALUES (92, 17, '200', 'OK');
INSERT INTO mappings VALUES (93, 17, '201', 'Created');
INSERT INTO mappings VALUES (94, 17, '202', 'Accepted');
INSERT INTO mappings VALUES (95, 17, '203', 'Non-Authoritative Information');
INSERT INTO mappings VALUES (96, 17, '204', 'No Content');
INSERT INTO mappings VALUES (97, 17, '205', 'Reset Content');
INSERT INTO mappings VALUES (98, 17, '206', 'Partial Content');
INSERT INTO mappings VALUES (99, 17, '207', 'Multi-Status');
INSERT INTO mappings VALUES (100, 17, '208', 'Already Reported');
INSERT INTO mappings VALUES (101, 17, '226', 'IM Used');
INSERT INTO mappings VALUES (102, 17, '300', 'Multiple Choices');
INSERT INTO mappings VALUES (103, 17, '301', 'Moved Permanently');
INSERT INTO mappings VALUES (104, 17, '302', 'Found');
INSERT INTO mappings VALUES (105, 17, '303', 'See Other');
INSERT INTO mappings VALUES (106, 17, '304', 'Not Modified');
INSERT INTO mappings VALUES (107, 17, '305', 'Use Proxy');
INSERT INTO mappings VALUES (108, 17, '306', 'Switch Proxy');
INSERT INTO mappings VALUES (109, 17, '307', 'Temporary Redirect');
INSERT INTO mappings VALUES (110, 17, '308', 'Permanent Redirect/Resume Incomplete');
INSERT INTO mappings VALUES (111, 17, '400', 'Bad Request');
INSERT INTO mappings VALUES (112, 17, '401', 'Unauthorized');
INSERT INTO mappings VALUES (113, 17, '402', 'Payment Required');
INSERT INTO mappings VALUES (114, 17, '403', 'Forbidden');
INSERT INTO mappings VALUES (115, 17, '404', 'Not Found');
INSERT INTO mappings VALUES (116, 17, '405', 'Method Not Allowed');
INSERT INTO mappings VALUES (117, 17, '406', 'Not Acceptable');
INSERT INTO mappings VALUES (118, 17, '407', 'Proxy Authentication Required');
INSERT INTO mappings VALUES (119, 17, '408', 'Request Timeout');
INSERT INTO mappings VALUES (120, 17, '409', 'Conflict');
INSERT INTO mappings VALUES (121, 17, '410', 'Gone');
INSERT INTO mappings VALUES (122, 17, '411', 'Length Required');
INSERT INTO mappings VALUES (123, 17, '412', 'Precondition Failed');
INSERT INTO mappings VALUES (124, 17, '413', 'Payload Too Large');
INSERT INTO mappings VALUES (125, 17, '414', 'Request-URI Too Long');
INSERT INTO mappings VALUES (126, 17, '415', 'Unsupported Media Type');
INSERT INTO mappings VALUES (127, 17, '416', 'Requested Range Not Satisfiable');
INSERT INTO mappings VALUES (128, 17, '417', 'Expectation Failed');
INSERT INTO mappings VALUES (129, 17, '418', 'I''m a Teapot');
INSERT INTO mappings VALUES (130, 17, '419', 'Authentication Timeout');
INSERT INTO mappings VALUES (131, 17, '420', 'Method Failure/Enhance Your Calm');
INSERT INTO mappings VALUES (132, 17, '421', 'Misdirected Request');
INSERT INTO mappings VALUES (133, 17, '422', 'Unprocessable Entity');
INSERT INTO mappings VALUES (134, 17, '423', 'Locked');
INSERT INTO mappings VALUES (135, 17, '424', 'Failed Dependency');
INSERT INTO mappings VALUES (136, 17, '426', 'Upgrade Required');
INSERT INTO mappings VALUES (137, 17, '428', 'Precondition Required');
INSERT INTO mappings VALUES (138, 17, '429', 'Too Many Requests');
INSERT INTO mappings VALUES (139, 17, '431', 'Request Header Fields Too Large');
INSERT INTO mappings VALUES (140, 17, '440', 'Login Timeout');
INSERT INTO mappings VALUES (141, 17, '444', 'No Response');
INSERT INTO mappings VALUES (142, 17, '449', 'Retry With');
INSERT INTO mappings VALUES (143, 17, '450', 'Blocked by Windows Parental Controls');
INSERT INTO mappings VALUES (144, 17, '451', 'Unavailable for Legal Reasons/Redirect');
INSERT INTO mappings VALUES (145, 17, '494', 'Request Header Too Large');
INSERT INTO mappings VALUES (146, 17, '495', 'Cert Error');
INSERT INTO mappings VALUES (147, 17, '496', 'No Cert');
INSERT INTO mappings VALUES (148, 17, '497', 'HTTP to HTTPS');
INSERT INTO mappings VALUES (149, 17, '498', 'Token Expired/Invalid');
INSERT INTO mappings VALUES (150, 17, '499', 'Client Closed Request/Token Required');
INSERT INTO mappings VALUES (151, 17, '500', 'Internal Server Error');
INSERT INTO mappings VALUES (152, 17, '501', 'Not Implemented');
INSERT INTO mappings VALUES (153, 17, '502', 'Bad Gateway');
INSERT INTO mappings VALUES (154, 17, '503', 'Service Unavailable');
INSERT INTO mappings VALUES (155, 17, '504', 'Gateway Timeout');
INSERT INTO mappings VALUES (156, 17, '505', 'HTTP Version Not Supported');
INSERT INTO mappings VALUES (157, 17, '506', 'Variant Also Negotiates');
INSERT INTO mappings VALUES (158, 17, '507', 'Insufficient Storage');
INSERT INTO mappings VALUES (159, 17, '508', 'Loop Detected');
INSERT INTO mappings VALUES (160, 17, '509', 'Bandwidth Limit Exceeded');
INSERT INTO mappings VALUES (161, 17, '510', 'Not Extended');
INSERT INTO mappings VALUES (162, 17, '511', 'Network Authentication Required');
INSERT INTO mappings VALUES (163, 17, '520', 'Unknown Error');
INSERT INTO mappings VALUES (164, 17, '598', 'Network Read Timeout Error');
INSERT INTO mappings VALUES (165, 17, '599', 'Network Connect Timeout Error');
INSERT INTO mappings VALUES (465, 22, '0', 'not available');
INSERT INTO mappings VALUES (466, 22, '1', 'available');
INSERT INTO mappings VALUES (467, 22, '2', 'unknown');
INSERT INTO mappings VALUES (523, 35, '1', 'true');
INSERT INTO mappings VALUES (524, 35, '2', 'false');
INSERT INTO sysmaps VALUES (1, 'Local network', 680, 200, NULL, 0, 0, 1, 1, 1, 0, 50, 1, 1, 0, 2, 2, 2, 2, 2, '', '', '', '', '', NULL, 1, 0, 1, 0, 0);
INSERT INTO sysmaps_elements VALUES (1, 1, 10084, 0, 185, NULL, '{HOST.NAME} {HOST.CONN}', 0, 111, 61, NULL, NULL, 0, 0, 200, 200, 0, 0, '');
INSERT INTO sysmap_shape VALUES (1, 1, 0, 0, 0, 680, 15, '{MAP.NAME}', 9, 11, '000000', 0, 0, 0, 0, '000000', '', 0);
INSERT INTO regexps VALUES (1, 'File systems for discovery', 'ext3');
INSERT INTO regexps VALUES (2, 'Network interfaces for discovery', 'eth0');
INSERT INTO regexps VALUES (3, 'Storage devices for SNMP discovery', '/boot');
INSERT INTO regexps VALUES (4, 'Windows service names for discovery', 'SysmonLog');
INSERT INTO regexps VALUES (5, 'Windows service startup states for discovery', 'automatic');
INSERT INTO regexps VALUES (6, 'Block devices for discovery', '');
INSERT INTO expressions VALUES (1, 1, '^(btrfs|ext2|ext3|ext4|jfs|reiser|xfs|ffs|ufs|jfs|jfs2|vxfs|hfs|refs|ntfs|fat32|zfs)$', 3, ',', 0);
INSERT INTO expressions VALUES (3, 3, '^(Physical memory|Virtual memory|Memory buffers|Cached memory|Swap space)$', 4, ',', 1);
INSERT INTO expressions VALUES (5, 4, '^(MMCSS|gupdate|SysmonLog|clr_optimization_v2.0.50727_32|clr_optimization_v4.0.30319_32)$', 4, ',', 1);
INSERT INTO expressions VALUES (6, 5, '^(automatic|automatic delayed)$', 3, ',', 1);
INSERT INTO expressions VALUES (7, 2, '^Software Loopback Interface', 4, ',', 1);
INSERT INTO expressions VALUES (8, 2, '^(In)?[Ll]oop[Bb]ack[0-9._]*$', 4, ',', 1);
INSERT INTO expressions VALUES (9, 2, '^NULL[0-9.]*$', 4, ',', 1);
INSERT INTO expressions VALUES (10, 2, '^[Ll]o[0-9.]*$', 4, ',', 1);
INSERT INTO expressions VALUES (11, 2, '^[Ss]ystem$', 4, ',', 1);
INSERT INTO expressions VALUES (12, 2, '^Nu[0-9.]*$', 4, ',', 1);
INSERT INTO expressions VALUES (13, 6, '^fd.*', 4, ',', 0);
INSERT INTO expressions VALUES (14, 2, 'Kernel', 4, ',', 1);
INSERT INTO expressions VALUES (15, 2, 'Multiplexor', 4, ',', 0);
INSERT INTO expressions VALUES (16, 2, 'ISATAP', 4, ',', 0);
INSERT INTO expressions VALUES (17, 2, 'Teredo', 4, ',', 0);
INSERT INTO expressions VALUES (18, 2, 'WFP', 4, ',', 0);
INSERT INTO expressions VALUES (19, 2, 'QoS', 4, ',', 0);
INSERT INTO expressions VALUES (20, 2, 'RAS', 4, ',', 0);
INSERT INTO expressions VALUES (21, 2, 'WAN', 4, ',', 0);
INSERT INTO application_template VALUES (1, 6, 2);
INSERT INTO application_template VALUES (2, 7, 4);
INSERT INTO timeperiods VALUES (1, 2, 365, 0, 0, 1, 0, 31622340, 1980);
INSERT INTO timeperiods VALUES (2, 2, 365, 0, 0, 1, 0, 31622340, 1980);
INSERT INTO maintenances_windows VALUES (1, 1, 1);
INSERT INTO maintenances_windows VALUES (2, 2, 2);
INSERT INTO maintenances_groups VALUES (1, 1, 15);
INSERT INTO maintenances_groups VALUES (2, 2, 16);
INSERT INTO dashboard VALUES (1, 'Global view', 1, 0);
INSERT INTO dashboard VALUES (2, 'Zabbix server health', 1, 1);
INSERT INTO dashboard_usrgrp VALUES (1, 2, 7, 3);
INSERT INTO widget VALUES (1, 1, 'systeminfo', '', 0, 0, 4, 4);
INSERT INTO widget VALUES (2, 1, 'problemsbysv', '', 4, 0, 6, 4);
INSERT INTO widget VALUES (3, 1, 'clock', '', 10, 0, 2, 4);
INSERT INTO widget VALUES (4, 1, 'problems', '', 0, 4, 10, 10);
INSERT INTO widget VALUES (5, 1, 'favmaps', '', 10, 4, 2, 5);
INSERT INTO widget VALUES (6, 1, 'favgraphs', '', 10, 9, 2, 5);
INSERT INTO widget VALUES (7, 2, 'problems', 'Zabbix server problems', 0, 0, 10, 4);
INSERT INTO widget VALUES (8, 2, 'clock', 'Local time', 10, 0, 2, 4);
INSERT INTO widget VALUES (9, 2, 'svggraph', 'Values processed per second', 0, 4, 4, 5);
INSERT INTO widget VALUES (10, 2, 'svggraph', 'Utilization of data collectors', 4, 4, 4, 5);
INSERT INTO widget VALUES (11, 2, 'svggraph', 'Utilization of internal processes', 8, 4, 4, 5);
INSERT INTO widget VALUES (12, 2, 'svggraph', 'Cache usage', 0, 9, 4, 5);
INSERT INTO widget VALUES (13, 2, 'svggraph', 'Value cache effectiveness', 4, 9, 4, 5);
INSERT INTO widget VALUES (14, 2, 'svggraph', 'Queue size', 8, 9, 4, 5);
INSERT INTO widget_field VALUES (1, 2, 0, 'hide_empty_groups', 1, '', NULL, NULL, NULL, NULL, NULL);
INSERT INTO widget_field VALUES (2, 4, 0, 'show', 3, '', NULL, NULL, NULL, NULL, NULL);
INSERT INTO widget_field VALUES (3, 4, 0, 'show_tags', 3, '', NULL, NULL, NULL, NULL, NULL);
INSERT INTO widget_field VALUES (4, 7, 3, 'hostids', 0, '', NULL, 10084, NULL, NULL, NULL);
INSERT INTO widget_field VALUES (5, 9, 0, 'ds.axisy.0', 0, '', NULL, NULL, NULL, NULL, NULL);
INSERT INTO widget_field VALUES (6, 9, 0, 'ds.fill.0', 3, '', NULL, NULL, NULL, NULL, NULL);
INSERT INTO widget_field VALUES (7, 9, 0, 'ds.missingdatafunc.0', 0, '', NULL, NULL, NULL, NULL, NULL);
INSERT INTO widget_field VALUES (8, 9, 0, 'ds.transparency.0', 0, '', NULL, NULL, NULL, NULL, NULL);
INSERT INTO widget_field VALUES (9, 9, 0, 'ds.type.0', 0, '', NULL, NULL, NULL, NULL, NULL);
INSERT INTO widget_field VALUES (10, 9, 0, 'ds.width.0', 1, '', NULL, NULL, NULL, NULL, NULL);
INSERT INTO widget_field VALUES (11, 9, 0, 'graph_item_problems', 0, '', NULL, NULL, NULL, NULL, NULL);
INSERT INTO widget_field VALUES (12, 9, 0, 'legend', 0, '', NULL, NULL, NULL, NULL, NULL);
INSERT INTO widget_field VALUES (13, 9, 0, 'righty', 0, '', NULL, NULL, NULL, NULL, NULL);
INSERT INTO widget_field VALUES (14, 9, 0, 'show_problems', 1, '', NULL, NULL, NULL, NULL, NULL);
INSERT INTO widget_field VALUES (15, 9, 1, 'ds.color.0', 0, '00BFFF', NULL, NULL, NULL, NULL, NULL);
INSERT INTO widget_field VALUES (16, 9, 1, 'ds.hosts.0.0', 0, 'Zabbix server', NULL, NULL, NULL, NULL, NULL);
INSERT INTO widget_field VALUES (17, 9, 1, 'ds.items.0.0', 0, 'Number of processed *values per second', NULL, NULL, NULL, NULL, NULL);
INSERT INTO widget_field VALUES (18, 9, 1, 'ds.timeshift.0', 0, '', NULL, NULL, NULL, NULL, NULL);
INSERT INTO widget_field VALUES (19, 9, 1, 'lefty_min', 0, '0', NULL, NULL, NULL, NULL, NULL);
INSERT INTO widget_field VALUES (20, 9, 1, 'problemhosts.0', 0, 'Zabbix server', NULL, NULL, NULL, NULL, NULL);
INSERT INTO widget_field VALUES (21, 10, 0, 'ds.axisy.0', 0, '', NULL, NULL, NULL, NULL, NULL);
INSERT INTO widget_field VALUES (22, 10, 0, 'ds.fill.0', 3, '', NULL, NULL, NULL, NULL, NULL);
INSERT INTO widget_field VALUES (23, 10, 0, 'ds.missingdatafunc.0', 0, '', NULL, NULL, NULL, NULL, NULL);
INSERT INTO widget_field VALUES (24, 10, 0, 'ds.transparency.0', 0, '', NULL, NULL, NULL, NULL, NULL);
INSERT INTO widget_field VALUES (25, 10, 0, 'ds.type.0', 0, '', NULL, NULL, NULL, NULL, NULL);
INSERT INTO widget_field VALUES (26, 10, 0, 'ds.width.0', 1, '', NULL, NULL, NULL, NULL, NULL);
INSERT INTO widget_field VALUES (27, 10, 0, 'graph_item_problems', 0, '', NULL, NULL, NULL, NULL, NULL);
INSERT INTO widget_field VALUES (28, 10, 0, 'legend', 0, '', NULL, NULL, NULL, NULL, NULL);
INSERT INTO widget_field VALUES (29, 10, 0, 'righty', 0, '', NULL, NULL, NULL, NULL, NULL);
INSERT INTO widget_field VALUES (30, 10, 0, 'show_problems', 1, '', NULL, NULL, NULL, NULL, NULL);
INSERT INTO widget_field VALUES (31, 10, 1, 'ds.color.0', 0, 'E57373', NULL, NULL, NULL, NULL, NULL);
INSERT INTO widget_field VALUES (32, 10, 1, 'ds.hosts.0.0', 0, 'Zabbix server', NULL, NULL, NULL, NULL, NULL);
INSERT INTO widget_field VALUES (33, 10, 1, 'ds.items.0.0', 0, 'Utilization of * data collector *', NULL, NULL, NULL, NULL, NULL);
INSERT INTO widget_field VALUES (34, 10, 1, 'ds.timeshift.0', 0, '', NULL, NULL, NULL, NULL, NULL);
INSERT INTO widget_field VALUES (35, 10, 1, 'lefty_max', 0, '100', NULL, NULL, NULL, NULL, NULL);
INSERT INTO widget_field VALUES (36, 10, 1, 'lefty_min', 0, '0', NULL, NULL, NULL, NULL, NULL);
INSERT INTO widget_field VALUES (37, 10, 1, 'problemhosts.0', 0, 'Zabbix server', NULL, NULL, NULL, NULL, NULL);
INSERT INTO widget_field VALUES (38, 11, 0, 'ds.axisy.0', 0, '', NULL, NULL, NULL, NULL, NULL);
INSERT INTO widget_field VALUES (39, 11, 0, 'ds.fill.0', 3, '', NULL, NULL, NULL, NULL, NULL);
INSERT INTO widget_field VALUES (40, 11, 0, 'ds.missingdatafunc.0', 0, '', NULL, NULL, NULL, NULL, NULL);
INSERT INTO widget_field VALUES (41, 11, 0, 'ds.transparency.0', 0, '', NULL, NULL, NULL, NULL, NULL);
INSERT INTO widget_field VALUES (42, 11, 0, 'ds.type.0', 0, '', NULL, NULL, NULL, NULL, NULL);
INSERT INTO widget_field VALUES (43, 11, 0, 'ds.width.0', 1, '', NULL, NULL, NULL, NULL, NULL);
INSERT INTO widget_field VALUES (44, 11, 0, 'graph_item_problems', 0, '', NULL, NULL, NULL, NULL, NULL);
INSERT INTO widget_field VALUES (45, 11, 0, 'legend', 0, '', NULL, NULL, NULL, NULL, NULL);
INSERT INTO widget_field VALUES (46, 11, 0, 'righty', 0, '', NULL, NULL, NULL, NULL, NULL);
INSERT INTO widget_field VALUES (47, 11, 0, 'show_problems', 1, '', NULL, NULL, NULL, NULL, NULL);
INSERT INTO widget_field VALUES (48, 11, 1, 'ds.color.0', 0, 'E57373', NULL, NULL, NULL, NULL, NULL);
INSERT INTO widget_field VALUES (49, 11, 1, 'ds.hosts.0.0', 0, 'Zabbix server', NULL, NULL, NULL, NULL, NULL);
INSERT INTO widget_field VALUES (50, 11, 1, 'ds.items.0.0', 0, 'Utilization of * internal *', NULL, NULL, NULL, NULL, NULL);
INSERT INTO widget_field VALUES (51, 11, 1, 'ds.timeshift.0', 0, '', NULL, NULL, NULL, NULL, NULL);
INSERT INTO widget_field VALUES (52, 11, 1, 'lefty_max', 0, '100', NULL, NULL, NULL, NULL, NULL);
INSERT INTO widget_field VALUES (53, 11, 1, 'lefty_min', 0, '0', NULL, NULL, NULL, NULL, NULL);
INSERT INTO widget_field VALUES (54, 11, 1, 'problemhosts.0', 0, 'Zabbix server', NULL, NULL, NULL, NULL, NULL);
INSERT INTO widget_field VALUES (55, 12, 0, 'ds.axisy.0', 0, '', NULL, NULL, NULL, NULL, NULL);
INSERT INTO widget_field VALUES (56, 12, 0, 'ds.fill.0', 0, '', NULL, NULL, NULL, NULL, NULL);
INSERT INTO widget_field VALUES (57, 12, 0, 'ds.missingdatafunc.0', 0, '', NULL, NULL, NULL, NULL, NULL);
INSERT INTO widget_field VALUES (58, 12, 0, 'ds.transparency.0', 0, '', NULL, NULL, NULL, NULL, NULL);
INSERT INTO widget_field VALUES (59, 12, 0, 'ds.type.0', 0, '', NULL, NULL, NULL, NULL, NULL);
INSERT INTO widget_field VALUES (60, 12, 0, 'ds.width.0', 2, '', NULL, NULL, NULL, NULL, NULL);
INSERT INTO widget_field VALUES (61, 12, 0, 'graph_item_problems', 0, '', NULL, NULL, NULL, NULL, NULL);
INSERT INTO widget_field VALUES (62, 12, 0, 'legend', 0, '', NULL, NULL, NULL, NULL, NULL);
INSERT INTO widget_field VALUES (63, 12, 0, 'righty', 0, '', NULL, NULL, NULL, NULL, NULL);
INSERT INTO widget_field VALUES (64, 12, 0, 'show_problems', 1, '', NULL, NULL, NULL, NULL, NULL);
INSERT INTO widget_field VALUES (65, 12, 1, 'ds.color.0', 0, '4DB6AC', NULL, NULL, NULL, NULL, NULL);
INSERT INTO widget_field VALUES (66, 12, 1, 'ds.hosts.0.0', 0, 'Zabbix server', NULL, NULL, NULL, NULL, NULL);
INSERT INTO widget_field VALUES (67, 12, 1, 'ds.items.0.0', 0, 'Zabbix*cache*% used', NULL, NULL, NULL, NULL, NULL);
INSERT INTO widget_field VALUES (68, 12, 1, 'ds.timeshift.0', 0, '', NULL, NULL, NULL, NULL, NULL);
INSERT INTO widget_field VALUES (69, 12, 1, 'lefty_max', 0, '100', NULL, NULL, NULL, NULL, NULL);
INSERT INTO widget_field VALUES (70, 12, 1, 'lefty_min', 0, '0', NULL, NULL, NULL, NULL, NULL);
INSERT INTO widget_field VALUES (71, 12, 1, 'problemhosts.0', 0, 'Zabbix server', NULL, NULL, NULL, NULL, NULL);
INSERT INTO widget_field VALUES (72, 13, 0, 'ds.axisy.0', 0, '', NULL, NULL, NULL, NULL, NULL);
INSERT INTO widget_field VALUES (73, 13, 0, 'ds.axisy.1', 0, '', NULL, NULL, NULL, NULL, NULL);
INSERT INTO widget_field VALUES (74, 13, 0, 'ds.fill.0', 3, '', NULL, NULL, NULL, NULL, NULL);
INSERT INTO widget_field VALUES (75, 13, 0, 'ds.fill.1', 3, '', NULL, NULL, NULL, NULL, NULL);
INSERT INTO widget_field VALUES (76, 13, 0, 'ds.missingdatafunc.0', 0, '', NULL, NULL, NULL, NULL, NULL);
INSERT INTO widget_field VALUES (77, 13, 0, 'ds.missingdatafunc.1', 0, '', NULL, NULL, NULL, NULL, NULL);
INSERT INTO widget_field VALUES (78, 13, 0, 'ds.transparency.0', 0, '', NULL, NULL, NULL, NULL, NULL);
INSERT INTO widget_field VALUES (79, 13, 0, 'ds.transparency.1', 0, '', NULL, NULL, NULL, NULL, NULL);
INSERT INTO widget_field VALUES (80, 13, 0, 'ds.type.0', 0, '', NULL, NULL, NULL, NULL, NULL);
INSERT INTO widget_field VALUES (81, 13, 0, 'ds.type.1', 0, '', NULL, NULL, NULL, NULL, NULL);
INSERT INTO widget_field VALUES (82, 13, 0, 'ds.width.0', 2, '', NULL, NULL, NULL, NULL, NULL);
INSERT INTO widget_field VALUES (83, 13, 0, 'ds.width.1', 2, '', NULL, NULL, NULL, NULL, NULL);
INSERT INTO widget_field VALUES (84, 13, 0, 'graph_item_problems', 0, '', NULL, NULL, NULL, NULL, NULL);
INSERT INTO widget_field VALUES (85, 13, 0, 'legend', 0, '', NULL, NULL, NULL, NULL, NULL);
INSERT INTO widget_field VALUES (86, 13, 0, 'righty', 0, '', NULL, NULL, NULL, NULL, NULL);
INSERT INTO widget_field VALUES (87, 13, 0, 'show_problems', 1, '', NULL, NULL, NULL, NULL, NULL);
INSERT INTO widget_field VALUES (88, 13, 1, 'ds.color.0', 0, '9CCC65', NULL, NULL, NULL, NULL, NULL);
INSERT INTO widget_field VALUES (89, 13, 1, 'ds.color.1', 0, 'FF465C', NULL, NULL, NULL, NULL, NULL);
INSERT INTO widget_field VALUES (90, 13, 1, 'ds.hosts.0.0', 0, 'Zabbix server', NULL, NULL, NULL, NULL, NULL);
INSERT INTO widget_field VALUES (91, 13, 1, 'ds.hosts.1.0', 0, 'Zabbix server', NULL, NULL, NULL, NULL, NULL);
INSERT INTO widget_field VALUES (92, 13, 1, 'ds.items.0.0', 0, 'Zabbix value cache hits', NULL, NULL, NULL, NULL, NULL);
INSERT INTO widget_field VALUES (93, 13, 1, 'ds.items.1.0', 0, 'Zabbix value cache misses', NULL, NULL, NULL, NULL, NULL);
INSERT INTO widget_field VALUES (94, 13, 1, 'ds.timeshift.0', 0, '', NULL, NULL, NULL, NULL, NULL);
INSERT INTO widget_field VALUES (95, 13, 1, 'ds.timeshift.1', 0, '', NULL, NULL, NULL, NULL, NULL);
INSERT INTO widget_field VALUES (96, 13, 1, 'lefty_min', 0, '0', NULL, NULL, NULL, NULL, NULL);
INSERT INTO widget_field VALUES (97, 13, 1, 'problemhosts.0', 0, 'Zabbix server', NULL, NULL, NULL, NULL, NULL);
INSERT INTO widget_field VALUES (98, 14, 0, 'ds.axisy.0', 0, '', NULL, NULL, NULL, NULL, NULL);
INSERT INTO widget_field VALUES (99, 14, 0, 'ds.axisy.1', 0, '', NULL, NULL, NULL, NULL, NULL);
INSERT INTO widget_field VALUES (100, 14, 0, 'ds.axisy.2', 0, '', NULL, NULL, NULL, NULL, NULL);
INSERT INTO widget_field VALUES (101, 14, 0, 'ds.fill.0', 0, '', NULL, NULL, NULL, NULL, NULL);
INSERT INTO widget_field VALUES (102, 14, 0, 'ds.fill.1', 0, '', NULL, NULL, NULL, NULL, NULL);
INSERT INTO widget_field VALUES (103, 14, 0, 'ds.fill.2', 0, '', NULL, NULL, NULL, NULL, NULL);
INSERT INTO widget_field VALUES (104, 14, 0, 'ds.missingdatafunc.0', 0, '', NULL, NULL, NULL, NULL, NULL);
INSERT INTO widget_field VALUES (105, 14, 0, 'ds.missingdatafunc.1', 0, '', NULL, NULL, NULL, NULL, NULL);
INSERT INTO widget_field VALUES (106, 14, 0, 'ds.missingdatafunc.2', 0, '', NULL, NULL, NULL, NULL, NULL);
INSERT INTO widget_field VALUES (107, 14, 0, 'ds.transparency.0', 0, '', NULL, NULL, NULL, NULL, NULL);
INSERT INTO widget_field VALUES (108, 14, 0, 'ds.transparency.1', 0, '', NULL, NULL, NULL, NULL, NULL);
INSERT INTO widget_field VALUES (109, 14, 0, 'ds.transparency.2', 0, '', NULL, NULL, NULL, NULL, NULL);
INSERT INTO widget_field VALUES (110, 14, 0, 'ds.type.0', 0, '', NULL, NULL, NULL, NULL, NULL);
INSERT INTO widget_field VALUES (111, 14, 0, 'ds.type.1', 0, '', NULL, NULL, NULL, NULL, NULL);
INSERT INTO widget_field VALUES (112, 14, 0, 'ds.type.2', 0, '', NULL, NULL, NULL, NULL, NULL);
INSERT INTO widget_field VALUES (113, 14, 0, 'ds.width.0', 2, '', NULL, NULL, NULL, NULL, NULL);
INSERT INTO widget_field VALUES (114, 14, 0, 'ds.width.1', 2, '', NULL, NULL, NULL, NULL, NULL);
INSERT INTO widget_field VALUES (115, 14, 0, 'ds.width.2', 2, '', NULL, NULL, NULL, NULL, NULL);
INSERT INTO widget_field VALUES (116, 14, 0, 'graph_item_problems', 0, '', NULL, NULL, NULL, NULL, NULL);
INSERT INTO widget_field VALUES (117, 14, 0, 'legend', 0, '', NULL, NULL, NULL, NULL, NULL);
INSERT INTO widget_field VALUES (118, 14, 0, 'righty', 0, '', NULL, NULL, NULL, NULL, NULL);
INSERT INTO widget_field VALUES (119, 14, 0, 'show_problems', 1, '', NULL, NULL, NULL, NULL, NULL);
INSERT INTO widget_field VALUES (120, 14, 1, 'ds.color.0', 0, 'B0AF07', NULL, NULL, NULL, NULL, NULL);
INSERT INTO widget_field VALUES (121, 14, 1, 'ds.color.1', 0, 'E53935', NULL, NULL, NULL, NULL, NULL);
INSERT INTO widget_field VALUES (122, 14, 1, 'ds.color.2', 0, '0275B8', NULL, NULL, NULL, NULL, NULL);
INSERT INTO widget_field VALUES (123, 14, 1, 'ds.hosts.0.0', 0, 'Zabbix server', NULL, NULL, NULL, NULL, NULL);
INSERT INTO widget_field VALUES (124, 14, 1, 'ds.hosts.1.0', 0, 'Zabbix server', NULL, NULL, NULL, NULL, NULL);
INSERT INTO widget_field VALUES (125, 14, 1, 'ds.hosts.2.0', 0, 'Zabbix server', NULL, NULL, NULL, NULL, NULL);
INSERT INTO widget_field VALUES (126, 14, 1, 'ds.items.0.0', 0, 'Zabbix queue', NULL, NULL, NULL, NULL, NULL);
INSERT INTO widget_field VALUES (127, 14, 1, 'ds.items.1.0', 0, 'Zabbix queue over 10 minutes', NULL, NULL, NULL, NULL, NULL);
INSERT INTO widget_field VALUES (128, 14, 1, 'ds.items.2.0', 0, 'Zabbix preprocessing queue', NULL, NULL, NULL, NULL, NULL);
INSERT INTO widget_field VALUES (129, 14, 1, 'ds.timeshift.0', 0, '', NULL, NULL, NULL, NULL, NULL);
INSERT INTO widget_field VALUES (130, 14, 1, 'ds.timeshift.1', 0, '', NULL, NULL, NULL, NULL, NULL);
INSERT INTO widget_field VALUES (131, 14, 1, 'ds.timeshift.2', 0, '', NULL, NULL, NULL, NULL, NULL);
INSERT INTO widget_field VALUES (132, 14, 1, 'lefty_min', 0, '0', NULL, NULL, NULL, NULL, NULL);
INSERT INTO widget_field VALUES (133, 14, 1, 'problemhosts.0', 0, 'Zabbix server', NULL, NULL, NULL, NULL, NULL);
COMMIT;
